sec_id,ticker,name,query_term,entity_name,file_date,headline,source_url,form_type,event_text,event_type
33152,AEE,Ameren Corp.,AEE,Ameren Corp.,2026-02-11,AMEREN CORP  (AEE)  (CIK 0001002910),https://efts.sec.gov/LATEST/search-index?q=%22AEE%22&forms=8-K&dateRange=custom&startdt=2026-02-11&enddt=2026-02-20,8-K, AMEREN CORP  (AEE)  (CIK 0001002910)  2.02 8.01 9.01,other
34926,C,Citigroup Inc,C,Citigroup Inc,2026-02-11,"Apollo Commercial Real Estate Finance, Inc.  (ARI)  (CIK 0001467760)",https://efts.sec.gov/LATEST/search-index?q=%22C%22&forms=8-K&dateRange=custom&startdt=2026-02-11&enddt=2026-02-20,8-K," Apollo Commercial Real Estate Finance, Inc.  (ARI)  (CIK 0001467760)  2.02 9.01",other
34926,C,Citigroup Inc,C,Citigroup Inc,2026-02-11,"CHIMERA INVESTMENT CORP  (CIM, CIMN, CIMO, CIMP, CIM-PA, CIM-PB, CIM-PC, CIM-PD)  (CIK 0001409493)",https://efts.sec.gov/LATEST/search-index?q=%22C%22&forms=8-K&dateRange=custom&startdt=2026-02-11&enddt=2026-02-20,8-K," CHIMERA INVESTMENT CORP  (CIM, CIMN, CIMO, CIMP, CIM-PA, CIM-PB, CIM-PC, CIM-PD)  (CIK 0001409493)  2.02 9.01",other
34926,C,Citigroup Inc,C,Citigroup Inc,2026-02-11,"CID Holdco, Inc.  (DAIC, DAICW)  (CIK 0002033770)",https://efts.sec.gov/LATEST/search-index?q=%22C%22&forms=8-K&dateRange=custom&startdt=2026-02-11&enddt=2026-02-20,8-K," CID Holdco, Inc.  (DAIC, DAICW)  (CIK 0002033770)  1.01 2.03 3.01 9.01",other
34926,C,Citigroup Inc,C,Citigroup Inc,2026-02-11,EQUINIX INC  (EQIX)  (CIK 0001101239),https://efts.sec.gov/LATEST/search-index?q=%22C%22&forms=8-K&dateRange=custom&startdt=2026-02-11&enddt=2026-02-20,8-K, EQUINIX INC  (EQIX)  (CIK 0001101239)  8.01 9.01,other
34926,C,Citigroup Inc,C,Citigroup Inc,2026-02-11,"Energy Vault Holdings, Inc.  (NRGV)  (CIK 0001828536)",https://efts.sec.gov/LATEST/search-index?q=%22C%22&forms=8-K&dateRange=custom&startdt=2026-02-11&enddt=2026-02-20,8-K," Energy Vault Holdings, Inc.  (NRGV)  (CIK 0001828536)  1.01 8.01 9.01",other
34926,C,Citigroup Inc,C,Citigroup Inc,2026-02-11,"Evergy, Inc.  (EVRG)  (CIK 0001711269)",https://efts.sec.gov/LATEST/search-index?q=%22C%22&forms=8-K&dateRange=custom&startdt=2026-02-11&enddt=2026-02-20,8-K," Evergy, Inc.  (EVRG)  (CIK 0001711269)  1.01 1.02 2.03 9.01",other
34926,C,Citigroup Inc,C,Citigroup Inc,2026-02-11,"FEDERAL NATIONAL MORTGAGE ASSOCIATION FANNIE MAE  (FNMA, FNMAG, FNMAH, FNMAI, FNMAJ, FNMAK, FNMAL, FNMAM, FNMAN, FNMAO, FNMAS, FNMAT, FNMFM, FNMFN)  (CIK 0000310522)",https://efts.sec.gov/LATEST/search-index?q=%22C%22&forms=8-K&dateRange=custom&startdt=2026-02-11&enddt=2026-02-20,8-K," FEDERAL NATIONAL MORTGAGE ASSOCIATION FANNIE MAE  (FNMA, FNMAG, FNMAH, FNMAI, FNMAJ, FNMAK, FNMAL, FNMAM, FNMAN, FNMAO, FNMAS, FNMAT, FNMFM, FNMFN)  (CIK 0000310522)  2.02 9.01",other
34926,C,Citigroup Inc,C,Citigroup Inc,2026-02-11,GETTY REALTY CORP /MD/  (GTY)  (CIK 0001052752),https://efts.sec.gov/LATEST/search-index?q=%22C%22&forms=8-K&dateRange=custom&startdt=2026-02-11&enddt=2026-02-20,8-K, GETTY REALTY CORP /MD/  (GTY)  (CIK 0001052752)  7.01 9.01,other
34926,C,Citigroup Inc,C,Citigroup Inc,2026-02-11,MCDONALDS CORP  (MCD)  (CIK 0000063908),https://efts.sec.gov/LATEST/search-index?q=%22C%22&forms=8-K&dateRange=custom&startdt=2026-02-11&enddt=2026-02-20,8-K, MCDONALDS CORP  (MCD)  (CIK 0000063908)  2.02 9.01,other
34926,C,Citigroup Inc,C,Citigroup Inc,2026-02-11,"MILLERKNOLL, INC.  (MLKN)  (CIK 0000066382)",https://efts.sec.gov/LATEST/search-index?q=%22C%22&forms=8-K&dateRange=custom&startdt=2026-02-11&enddt=2026-02-20,8-K," MILLERKNOLL, INC.  (MLKN)  (CIK 0000066382)  1.01 2.03 9.01",other
34926,C,Citigroup Inc,C,Citigroup Inc,2026-02-11,"MSA Safety Inc  (MSA, MNESP)  (CIK 0000066570)",https://efts.sec.gov/LATEST/search-index?q=%22C%22&forms=8-K&dateRange=custom&startdt=2026-02-11&enddt=2026-02-20,8-K," MSA Safety Inc  (MSA, MNESP)  (CIK 0000066570)  2.02 9.01",other
34926,C,Citigroup Inc,C,Citigroup Inc,2026-02-11,"NABORS INDUSTRIES LTD  (NBR, NBRWF)  (CIK 0001163739)",https://efts.sec.gov/LATEST/search-index?q=%22C%22&forms=8-K&dateRange=custom&startdt=2026-02-11&enddt=2026-02-20,8-K," NABORS INDUSTRIES LTD  (NBR, NBRWF)  (CIK 0001163739)  2.02 9.01",other
34926,C,Citigroup Inc,C,Citigroup Inc,2026-02-11,WESTINGHOUSE AIR BRAKE TECHNOLOGIES CORP  (WAB)  (CIK 0000943452),https://efts.sec.gov/LATEST/search-index?q=%22C%22&forms=8-K&dateRange=custom&startdt=2026-02-11&enddt=2026-02-20,8-K, WESTINGHOUSE AIR BRAKE TECHNOLOGIES CORP  (WAB)  (CIK 0000943452)  2.02 7.01 9.01,other
34926,C,Citigroup Inc,C,Citigroup Inc,2026-02-11,WORLD OMNI AUTO RECEIVABLES LLC  (CIK 0001083199) World Omni Auto Receivables Trust 2026-A  (CIK 0002104367),https://efts.sec.gov/LATEST/search-index?q=%22C%22&forms=8-K&dateRange=custom&startdt=2026-02-11&enddt=2026-02-20,8-K, WORLD OMNI AUTO RECEIVABLES LLC  (CIK 0001083199) World Omni Auto Receivables Trust 2026-A  (CIK 0002104367)  1.01 8.01 9.01,other
35701,DE,Deere & Co.,DE,Deere & Co.,2026-02-11,Anterix Inc.  (ATEX)  (CIK 0001304492),https://efts.sec.gov/LATEST/search-index?q=%22DE%22&forms=8-K&dateRange=custom&startdt=2026-02-11&enddt=2026-02-20,8-K, Anterix Inc.  (ATEX)  (CIK 0001304492)  2.02 7.01 9.01,other
35701,DE,Deere & Co.,DE,Deere & Co.,2026-02-11,"BankUnited, Inc.  (BKU)  (CIK 0001504008)",https://efts.sec.gov/LATEST/search-index?q=%22DE%22&forms=8-K&dateRange=custom&startdt=2026-02-11&enddt=2026-02-20,8-K," BankUnited, Inc.  (BKU)  (CIK 0001504008)  7.01 9.01",other
35701,DE,Deere & Co.,DE,Deere & Co.,2026-02-11,"CULLEN/FROST BANKERS, INC.  (CFR, CFR-PB)  (CIK 0000039263)",https://efts.sec.gov/LATEST/search-index?q=%22DE%22&forms=8-K&dateRange=custom&startdt=2026-02-11&enddt=2026-02-20,8-K," CULLEN/FROST BANKERS, INC.  (CFR, CFR-PB)  (CIK 0000039263)  7.01 9.01",other
35701,DE,Deere & Co.,DE,Deere & Co.,2026-02-11,"Crane NXT, Co.  (CXT)  (CIK 0000025445)",https://efts.sec.gov/LATEST/search-index?q=%22DE%22&forms=8-K&dateRange=custom&startdt=2026-02-11&enddt=2026-02-20,8-K," Crane NXT, Co.  (CXT)  (CIK 0000025445)  2.02 9.01",other
35701,DE,Deere & Co.,DE,Deere & Co.,2026-02-11,DARLING INGREDIENTS INC.  (DAR)  (CIK 0000916540),https://efts.sec.gov/LATEST/search-index?q=%22DE%22&forms=8-K&dateRange=custom&startdt=2026-02-11&enddt=2026-02-20,8-K, DARLING INGREDIENTS INC.  (DAR)  (CIK 0000916540)  2.02 9.01,other
35701,DE,Deere & Co.,DE,Deere & Co.,2026-02-11,EQUINIX INC  (EQIX)  (CIK 0001101239),https://efts.sec.gov/LATEST/search-index?q=%22DE%22&forms=8-K&dateRange=custom&startdt=2026-02-11&enddt=2026-02-20,8-K, EQUINIX INC  (EQIX)  (CIK 0001101239)  8.01 9.01,other
35701,DE,Deere & Co.,DE,Deere & Co.,2026-02-11,"GLADSTONE INVESTMENT CORPORATION\DE  (GAIN, GAINI, GAINN, GAINZ)  (CIK 0001321741)",https://efts.sec.gov/LATEST/search-index?q=%22DE%22&forms=8-K&dateRange=custom&startdt=2026-02-11&enddt=2026-02-20,8-K," GLADSTONE INVESTMENT CORPORATION\DE  (GAIN, GAINI, GAINN, GAINZ)  (CIK 0001321741)  1.01 9.01",other
35701,DE,Deere & Co.,DE,Deere & Co.,2026-02-11,HUMANA INC  (HUM)  (CIK 0000049071),https://efts.sec.gov/LATEST/search-index?q=%22DE%22&forms=8-K&dateRange=custom&startdt=2026-02-11&enddt=2026-02-20,8-K, HUMANA INC  (HUM)  (CIK 0000049071)  2.02 7.01 9.01,other
35701,DE,Deere & Co.,DE,Deere & Co.,2026-02-11,"HeartCore Enterprises, Inc.  (HTCR)  (CIK 0001892322)",https://efts.sec.gov/LATEST/search-index?q=%22DE%22&forms=8-K&dateRange=custom&startdt=2026-02-11&enddt=2026-02-20,8-K," HeartCore Enterprises, Inc.  (HTCR)  (CIK 0001892322)  2.02 9.01",other
35701,DE,Deere & Co.,DE,Deere & Co.,2026-02-11,Ingredion Inc  (INGR)  (CIK 0001046257),https://efts.sec.gov/LATEST/search-index?q=%22DE%22&forms=8-K&dateRange=custom&startdt=2026-02-11&enddt=2026-02-20,8-K, Ingredion Inc  (INGR)  (CIK 0001046257)  8.01,other
35701,DE,Deere & Co.,DE,Deere & Co.,2026-02-11,"Local Bounti Corporation/DE  (LOCL, LOCLW)  (CIK 0001840780)",https://efts.sec.gov/LATEST/search-index?q=%22DE%22&forms=8-K&dateRange=custom&startdt=2026-02-11&enddt=2026-02-20,8-K," Local Bounti Corporation/DE  (LOCL, LOCLW)  (CIK 0001840780)  3.01 7.01 9.01",other
35701,DE,Deere & Co.,DE,Deere & Co.,2026-02-11,"NABORS INDUSTRIES LTD  (NBR, NBRWF)  (CIK 0001163739)",https://efts.sec.gov/LATEST/search-index?q=%22DE%22&forms=8-K&dateRange=custom&startdt=2026-02-11&enddt=2026-02-20,8-K," NABORS INDUSTRIES LTD  (NBR, NBRWF)  (CIK 0001163739)  2.02 9.01",other
35701,DE,Deere & Co.,DE,Deere & Co.,2026-02-11,NISOURCE INC.  (NI)  (CIK 0001111711),https://efts.sec.gov/LATEST/search-index?q=%22DE%22&forms=8-K&dateRange=custom&startdt=2026-02-11&enddt=2026-02-20,8-K, NISOURCE INC.  (NI)  (CIK 0001111711)  2.02 9.01,other
35701,DE,Deere & Co.,DE,Deere & Co.,2026-02-11,"Noble Corp plc  (NE, NE-WT, NE-WTA)  (CIK 0001895262)",https://efts.sec.gov/LATEST/search-index?q=%22DE%22&forms=8-K&dateRange=custom&startdt=2026-02-11&enddt=2026-02-20,8-K," Noble Corp plc  (NE, NE-WT, NE-WTA)  (CIK 0001895262)  2.02 7.01 9.01",other
35701,DE,Deere & Co.,DE,Deere & Co.,2026-02-11,"PRUDENTIAL FINANCIAL INC  (PFH, PRH, PRS, PRU)  (CIK 0001137774)",https://efts.sec.gov/LATEST/search-index?q=%22DE%22&forms=8-K&dateRange=custom&startdt=2026-02-11&enddt=2026-02-20,8-K," PRUDENTIAL FINANCIAL INC  (PFH, PRH, PRS, PRU)  (CIK 0001137774)  5.02 9.01",other
35701,DE,Deere & Co.,DE,Deere & Co.,2026-02-11,RYDER SYSTEM INC  (R)  (CIK 0000085961),https://efts.sec.gov/LATEST/search-index?q=%22DE%22&forms=8-K&dateRange=custom&startdt=2026-02-11&enddt=2026-02-20,8-K, RYDER SYSTEM INC  (R)  (CIK 0000085961)  2.02 7.01 9.01,other
35701,DE,Deere & Co.,DE,Deere & Co.,2026-02-11,TERADATA CORP /DE/  (TDC)  (CIK 0000816761),https://efts.sec.gov/LATEST/search-index?q=%22DE%22&forms=8-K&dateRange=custom&startdt=2026-02-11&enddt=2026-02-20,8-K, TERADATA CORP /DE/  (TDC)  (CIK 0000816761)  1.01 9.01,other
35701,DE,Deere & Co.,DE,Deere & Co.,2026-02-11,TRACTOR SUPPLY CO /DE/  (TSCO)  (CIK 0000916365),https://efts.sec.gov/LATEST/search-index?q=%22DE%22&forms=8-K&dateRange=custom&startdt=2026-02-11&enddt=2026-02-20,8-K, TRACTOR SUPPLY CO /DE/  (TSCO)  (CIK 0000916365)  5.02 8.01 9.01,other
35701,DE,Deere & Co.,DE,Deere & Co.,2026-02-11,"Tempest Therapeutics, Inc.  (TPST)  (CIK 0001544227)",https://efts.sec.gov/LATEST/search-index?q=%22DE%22&forms=8-K&dateRange=custom&startdt=2026-02-11&enddt=2026-02-20,8-K," Tempest Therapeutics, Inc.  (TPST)  (CIK 0001544227)  7.01 9.01",other
35701,DE,Deere & Co.,DE,Deere & Co.,2026-02-11,Tronox Holdings plc  (TROX)  (CIK 0001530804),https://efts.sec.gov/LATEST/search-index?q=%22DE%22&forms=8-K&dateRange=custom&startdt=2026-02-11&enddt=2026-02-20,8-K, Tronox Holdings plc  (TROX)  (CIK 0001530804)  5.02 8.01 9.01,other
35701,DE,Deere & Co.,DE,Deere & Co.,2026-02-11,Worksport Ltd  (WKSP)  (CIK 0001096275),https://efts.sec.gov/LATEST/search-index?q=%22DE%22&forms=8-K&dateRange=custom&startdt=2026-02-11&enddt=2026-02-20,8-K, Worksport Ltd  (WKSP)  (CIK 0001096275)  7.01 9.01,other
36672,FDX,Fedex Corp,Fedex,Fedex Corp,2026-02-11,"Aurora Innovation, Inc.  (AUR, AUROW)  (CIK 0001828108)",https://efts.sec.gov/LATEST/search-index?q=%22Fedex%22&forms=8-K&dateRange=custom&startdt=2026-02-11&enddt=2026-02-20,8-K," Aurora Innovation, Inc.  (AUR, AUROW)  (CIK 0001828108)  2.02 9.01",other
40039,MSI,Motorola Solutions Inc,MSI,Motorola Solutions Inc,2026-02-11,"Motorola Solutions, Inc.  (MSI)  (CIK 0000068505)",https://efts.sec.gov/LATEST/search-index?q=%22MSI%22&forms=8-K&dateRange=custom&startdt=2026-02-11&enddt=2026-02-20,8-K," Motorola Solutions, Inc.  (MSI)  (CIK 0000068505)  2.02 9.01",other
43205,TGT,Target Corp,TGT,Target Corp,2026-02-11,TARGET CORP  (TGT)  (CIK 0000027419),https://efts.sec.gov/LATEST/search-index?q=%22TGT%22&forms=8-K&dateRange=custom&startdt=2026-02-11&enddt=2026-02-20,8-K, TARGET CORP  (TGT)  (CIK 0000027419)  2.02 9.01,other
64278,CRH,CRH Plc,CRH,CRH Plc,2026-02-11,MARTIN MARIETTA MATERIALS INC  (MLM)  (CIK 0000916076),https://efts.sec.gov/LATEST/search-index?q=%22CRH%22&forms=8-K&dateRange=custom&startdt=2026-02-11&enddt=2026-02-20,8-K, MARTIN MARIETTA MATERIALS INC  (MLM)  (CIK 0000916076)  2.02 7.01 9.01,other
3752951,MOAT,VanEck Morningstar Wide Moat ETF,MOAT,VanEck Morningstar Wide Moat ETF,2026-02-11,"REDWOOD TRUST INC  (RWT, RWTN, RWTO, RWTP, RWTQ, RWT-PA)  (CIK 0000930236)",https://efts.sec.gov/LATEST/search-index?q=%22MOAT%22&forms=8-K&dateRange=custom&startdt=2026-02-11&enddt=2026-02-20,8-K," REDWOOD TRUST INC  (RWT, RWTN, RWTO, RWTP, RWTQ, RWT-PA)  (CIK 0000930236)  2.02 7.01 9.01",other
7036662,JXN,Jackson Financial Inc,JXN,Jackson Financial Inc,2026-02-11,"Jackson Financial Inc.  (JXN, JXN-PA)  (CIK 0001822993)",https://efts.sec.gov/LATEST/search-index?q=%22JXN%22&forms=8-K&dateRange=custom&startdt=2026-02-11&enddt=2026-02-20,8-K," Jackson Financial Inc.  (JXN, JXN-PA)  (CIK 0001822993)  8.01 9.01",other
8126151,PSA,Public Storage,PSA,Public Storage,2026-02-11,BMO 2026-C14 Mortgage Trust  (CIK 0002061932),https://efts.sec.gov/LATEST/search-index?q=%22PSA%22&forms=8-K&dateRange=custom&startdt=2026-02-11&enddt=2026-02-20,8-K, BMO 2026-C14 Mortgage Trust  (CIK 0002061932)  9.01,other
34909,CTAS,Cintas Corporation,CTAS,Cintas Corporation,2026-02-12,"ALNYLAM PHARMACEUTICALS, INC.  (ALNY)  (CIK 0001178670)",https://efts.sec.gov/LATEST/search-index?q=%22CTAS%22&forms=8-K&dateRange=custom&startdt=2026-02-11&enddt=2026-02-20,8-K," ALNYLAM PHARMACEUTICALS, INC.  (ALNY)  (CIK 0001178670)  2.02 9.01",other
34926,C,Citigroup Inc,C,Citigroup Inc,2026-02-12,"AFFILIATED MANAGERS GROUP, INC.  (AMG, MGR, MGRB, MGRD, MGRE)  (CIK 0001004434)",https://efts.sec.gov/LATEST/search-index?q=%22C%22&forms=8-K&dateRange=custom&startdt=2026-02-11&enddt=2026-02-20,8-K," AFFILIATED MANAGERS GROUP, INC.  (AMG, MGR, MGRB, MGRD, MGRE)  (CIK 0001004434)  2.02 8.01 9.01",other
34926,C,Citigroup Inc,C,Citigroup Inc,2026-02-12,AMERICAN HONDA RECEIVABLES LLC  (CIK 0000890975) Honda Auto Receivables 2026-1 Owner Trust  (CIK 0002100818),https://efts.sec.gov/LATEST/search-index?q=%22C%22&forms=8-K&dateRange=custom&startdt=2026-02-11&enddt=2026-02-20,8-K, AMERICAN HONDA RECEIVABLES LLC  (CIK 0000890975) Honda Auto Receivables 2026-1 Owner Trust  (CIK 0002100818)  1.01 8.01 9.01,other
34926,C,Citigroup Inc,C,Citigroup Inc,2026-02-12,"ASHFORD HOSPITALITY TRUST INC  (AHT, AHT-PD, AHT-PF, AHT-PG, AHT-PH, AHT-PI)  (CIK 0001232582)",https://efts.sec.gov/LATEST/search-index?q=%22C%22&forms=8-K&dateRange=custom&startdt=2026-02-11&enddt=2026-02-20,8-K," ASHFORD HOSPITALITY TRUST INC  (AHT, AHT-PD, AHT-PF, AHT-PG, AHT-PH, AHT-PI)  (CIK 0001232582)  2.01 9.01",other
34926,C,Citigroup Inc,C,Citigroup Inc,2026-02-12,"CITIGROUP INC  (C, C-PN, C-PR)  (CIK 0000831001)",https://efts.sec.gov/LATEST/search-index?q=%22C%22&forms=8-K&dateRange=custom&startdt=2026-02-11&enddt=2026-02-20,8-K," CITIGROUP INC  (C, C-PN, C-PR)  (CIK 0000831001)  5.03 9.01",other
34926,C,Citigroup Inc,C,Citigroup Inc,2026-02-12,EXELON CORP  (EXC)  (CIK 0001109357) BALTIMORE GAS & ELECTRIC CO  (CIK 0000009466) COMMONWEALTH EDISON Co  (CIK 0000022606) PEPCO HOLDINGS LLC  (CIK 0001135971) PECO ENERGY CO  (CIK 0000078100) POTOMAC ELECTRIC POWER CO  (CIK 0000079732) ATLANTIC CITY ELECTRIC CO  (CIK 0000008192) DELMARVA POWER & LIGHT CO /DE/  (CIK 0000027879),https://efts.sec.gov/LATEST/search-index?q=%22C%22&forms=8-K&dateRange=custom&startdt=2026-02-11&enddt=2026-02-20,8-K, EXELON CORP  (EXC)  (CIK 0001109357) BALTIMORE GAS & ELECTRIC CO  (CIK 0000009466) COMMONWEALTH EDISON Co  (CIK 0000022606) PEPCO HOLDINGS LLC  (CIK 0001135971) PECO ENERGY CO  (CIK 0000078100) POTOMAC ELECTRIC POWER CO  (CIK 0000079732) ATLANTIC CITY ELECTRIC CO  (CIK 0000008192) DELMARVA POWER & LIGHT CO /DE/  (CIK 0000027879)  2.02 7.01 9.01,other
34926,C,Citigroup Inc,C,Citigroup Inc,2026-02-12,"FS Credit Real Estate Income Trust, Inc.  (CIK 0001690536)",https://efts.sec.gov/LATEST/search-index?q=%22C%22&forms=8-K&dateRange=custom&startdt=2026-02-11&enddt=2026-02-20,8-K," FS Credit Real Estate Income Trust, Inc.  (CIK 0001690536)  1.01 2.03 9.01",other
34926,C,Citigroup Inc,C,Citigroup Inc,2026-02-12,GMF Leasing LLC  (CIK 0001631055) GM Financial Automobile Leasing Trust 2026-1  (CIK 0002100562),https://efts.sec.gov/LATEST/search-index?q=%22C%22&forms=8-K&dateRange=custom&startdt=2026-02-11&enddt=2026-02-20,8-K, GMF Leasing LLC  (CIK 0001631055) GM Financial Automobile Leasing Trust 2026-1  (CIK 0002100562)  8.01 9.01,other
34926,C,Citigroup Inc,C,Citigroup Inc,2026-02-12,HYUNDAI ABS FUNDING LLC  (CIK 0001260125) Hyundai Auto Receivables Trust 2026-A  (CIK 0002104134),https://efts.sec.gov/LATEST/search-index?q=%22C%22&forms=8-K&dateRange=custom&startdt=2026-02-11&enddt=2026-02-20,8-K, HYUNDAI ABS FUNDING LLC  (CIK 0001260125) Hyundai Auto Receivables Trust 2026-A  (CIK 0002104134)  1.01 8.01 9.01,other
34926,C,Citigroup Inc,C,Citigroup Inc,2026-02-12,"Onconetix, Inc.  (ONCO)  (CIK 0001782107)",https://efts.sec.gov/LATEST/search-index?q=%22C%22&forms=8-K&dateRange=custom&startdt=2026-02-11&enddt=2026-02-20,8-K," Onconetix, Inc.  (ONCO)  (CIK 0001782107)  1.01 8.01 9.01",other
34926,C,Citigroup Inc,C,Citigroup Inc,2026-02-12,"SOLV Energy, Inc.  (MWH)  (CIK 0002065636)",https://efts.sec.gov/LATEST/search-index?q=%22C%22&forms=8-K&dateRange=custom&startdt=2026-02-11&enddt=2026-02-20,8-K," SOLV Energy, Inc.  (MWH)  (CIK 0002065636)  1.01 3.02 3.03 5.02 5.03 8.01 9.01",other
34926,C,Citigroup Inc,C,Citigroup Inc,2026-02-12,VAIL RESORTS INC  (MTN)  (CIK 0000812011),https://efts.sec.gov/LATEST/search-index?q=%22C%22&forms=8-K&dateRange=custom&startdt=2026-02-11&enddt=2026-02-20,8-K, VAIL RESORTS INC  (MTN)  (CIK 0000812011)  1.01 2.03 9.01,other
34926,C,Citigroup Inc,C,Citigroup Inc,2026-02-12,"VerifyMe, Inc.  (VRME)  (CIK 0001104038)",https://efts.sec.gov/LATEST/search-index?q=%22C%22&forms=8-K&dateRange=custom&startdt=2026-02-11&enddt=2026-02-20,8-K," VerifyMe, Inc.  (VRME)  (CIK 0001104038)  1.01 1.02 5.02 7.01 9.01",other
34926,C,Citigroup Inc,C,Citigroup Inc,2026-02-12,"agilon health, inc.  (AGL)  (CIK 0001831097)",https://efts.sec.gov/LATEST/search-index?q=%22C%22&forms=8-K&dateRange=custom&startdt=2026-02-11&enddt=2026-02-20,8-K," agilon health, inc.  (AGL)  (CIK 0001831097)  1.01 2.03 9.01",other
34926,C,Citigroup Inc,C,Citigroup Inc,2026-02-12,"loanDepot, Inc.  (LDI)  (CIK 0001831631)",https://efts.sec.gov/LATEST/search-index?q=%22C%22&forms=8-K&dateRange=custom&startdt=2026-02-11&enddt=2026-02-20,8-K," loanDepot, Inc.  (LDI)  (CIK 0001831631)  8.01",other
35701,DE,Deere & Co.,DE,Deere & Co.,2026-02-12,"AFFILIATED MANAGERS GROUP, INC.  (AMG, MGR, MGRB, MGRD, MGRE)  (CIK 0001004434)",https://efts.sec.gov/LATEST/search-index?q=%22DE%22&forms=8-K&dateRange=custom&startdt=2026-02-11&enddt=2026-02-20,8-K," AFFILIATED MANAGERS GROUP, INC.  (AMG, MGR, MGRB, MGRD, MGRE)  (CIK 0001004434)  2.02 8.01 9.01",other
35701,DE,Deere & Co.,DE,Deere & Co.,2026-02-12,APPLIED MATERIALS INC /DE  (AMAT)  (CIK 0000006951),https://efts.sec.gov/LATEST/search-index?q=%22DE%22&forms=8-K&dateRange=custom&startdt=2026-02-11&enddt=2026-02-20,8-K, APPLIED MATERIALS INC /DE  (AMAT)  (CIK 0000006951)  2.02 9.01,other
35701,DE,Deere & Co.,DE,Deere & Co.,2026-02-12,"BIO-RAD LABORATORIES, INC.  (BIO, BIO-B)  (CIK 0000012208)",https://efts.sec.gov/LATEST/search-index?q=%22DE%22&forms=8-K&dateRange=custom&startdt=2026-02-11&enddt=2026-02-20,8-K," BIO-RAD LABORATORIES, INC.  (BIO, BIO-B)  (CIK 0000012208)  2.02 7.01 9.01",other
35701,DE,Deere & Co.,DE,Deere & Co.,2026-02-12,CANADIAN PACIFIC KANSAS CITY LTD/CN  (CP)  (CIK 0000016875),https://efts.sec.gov/LATEST/search-index?q=%22DE%22&forms=8-K&dateRange=custom&startdt=2026-02-11&enddt=2026-02-20,8-K, CANADIAN PACIFIC KANSAS CITY LTD/CN  (CP)  (CIK 0000016875)  8.01 9.01,other
35701,DE,Deere & Co.,DE,Deere & Co.,2026-02-12,EXELON CORP  (EXC)  (CIK 0001109357) BALTIMORE GAS & ELECTRIC CO  (CIK 0000009466) COMMONWEALTH EDISON Co  (CIK 0000022606) PEPCO HOLDINGS LLC  (CIK 0001135971) PECO ENERGY CO  (CIK 0000078100) POTOMAC ELECTRIC POWER CO  (CIK 0000079732) ATLANTIC CITY ELECTRIC CO  (CIK 0000008192) DELMARVA POWER & LIGHT CO /DE/  (CIK 0000027879),https://efts.sec.gov/LATEST/search-index?q=%22DE%22&forms=8-K&dateRange=custom&startdt=2026-02-11&enddt=2026-02-20,8-K, EXELON CORP  (EXC)  (CIK 0001109357) BALTIMORE GAS & ELECTRIC CO  (CIK 0000009466) COMMONWEALTH EDISON Co  (CIK 0000022606) PEPCO HOLDINGS LLC  (CIK 0001135971) PECO ENERGY CO  (CIK 0000078100) POTOMAC ELECTRIC POWER CO  (CIK 0000079732) ATLANTIC CITY ELECTRIC CO  (CIK 0000008192) DELMARVA POWER & LIGHT CO /DE/  (CIK 0000027879)  2.02 7.01 9.01,other
35701,DE,Deere & Co.,DE,Deere & Co.,2026-02-12,"FEDERAL REALTY INVESTMENT TRUST  (FRT, FRT-PC)  (CIK 0000034903) Federal Realty OP LP  (CIK 0001901876)",https://efts.sec.gov/LATEST/search-index?q=%22DE%22&forms=8-K&dateRange=custom&startdt=2026-02-11&enddt=2026-02-20,8-K," FEDERAL REALTY INVESTMENT TRUST  (FRT, FRT-PC)  (CIK 0000034903) Federal Realty OP LP  (CIK 0001901876)  2.02 9.01",other
35701,DE,Deere & Co.,DE,Deere & Co.,2026-02-12,"Fortune Brands Innovations, Inc.  (FBIN)  (CIK 0001519751)",https://efts.sec.gov/LATEST/search-index?q=%22DE%22&forms=8-K&dateRange=custom&startdt=2026-02-11&enddt=2026-02-20,8-K," Fortune Brands Innovations, Inc.  (FBIN)  (CIK 0001519751)  2.02 5.02 7.01 9.01",other
35701,DE,Deere & Co.,DE,Deere & Co.,2026-02-12,"Grace Therapeutics, Inc.  (GRCE)  (CIK 0001444192)",https://efts.sec.gov/LATEST/search-index?q=%22DE%22&forms=8-K&dateRange=custom&startdt=2026-02-11&enddt=2026-02-20,8-K," Grace Therapeutics, Inc.  (GRCE)  (CIK 0001444192)  2.02 9.01",other
35701,DE,Deere & Co.,DE,Deere & Co.,2026-02-12,PDF SOLUTIONS INC  (PDFS)  (CIK 0001120914),https://efts.sec.gov/LATEST/search-index?q=%22DE%22&forms=8-K&dateRange=custom&startdt=2026-02-11&enddt=2026-02-20,8-K, PDF SOLUTIONS INC  (PDFS)  (CIK 0001120914)  2.02 9.01,other
35701,DE,Deere & Co.,DE,Deere & Co.,2026-02-12,PRO DEX INC  (PDEX)  (CIK 0000788920),https://efts.sec.gov/LATEST/search-index?q=%22DE%22&forms=8-K&dateRange=custom&startdt=2026-02-11&enddt=2026-02-20,8-K, PRO DEX INC  (PDEX)  (CIK 0000788920)  1.01 2.01 2.03 7.01 9.01,other
35701,DE,Deere & Co.,DE,Deere & Co.,2026-02-12,"REPUBLIC SERVICES, INC.  (RSG)  (CIK 0001060391)",https://efts.sec.gov/LATEST/search-index?q=%22DE%22&forms=8-K&dateRange=custom&startdt=2026-02-11&enddt=2026-02-20,8-K," REPUBLIC SERVICES, INC.  (RSG)  (CIK 0001060391)  5.02 8.01 9.01",other
35701,DE,Deere & Co.,DE,Deere & Co.,2026-02-12,"Rivian Automotive, Inc. / DE  (RIVN)  (CIK 0001874178)",https://efts.sec.gov/LATEST/search-index?q=%22DE%22&forms=8-K&dateRange=custom&startdt=2026-02-11&enddt=2026-02-20,8-K," Rivian Automotive, Inc. / DE  (RIVN)  (CIK 0001874178)  2.02 9.01",other
35701,DE,Deere & Co.,DE,Deere & Co.,2026-02-12,"SOLIGENIX, INC.  (SNGX)  (CIK 0000812796)",https://efts.sec.gov/LATEST/search-index?q=%22DE%22&forms=8-K&dateRange=custom&startdt=2026-02-11&enddt=2026-02-20,8-K," SOLIGENIX, INC.  (SNGX)  (CIK 0000812796)  8.01 9.01",other
35701,DE,Deere & Co.,DE,Deere & Co.,2026-02-12,TransUnion  (TRU)  (CIK 0001552033),https://efts.sec.gov/LATEST/search-index?q=%22DE%22&forms=8-K&dateRange=custom&startdt=2026-02-11&enddt=2026-02-20,8-K, TransUnion  (TRU)  (CIK 0001552033)  1.01 2.02 2.03 7.01 9.01,other
35701,DE,Deere & Co.,DE,Deere & Co.,2026-02-12,"Utz Brands, Inc.  (UTZ)  (CIK 0001739566)",https://efts.sec.gov/LATEST/search-index?q=%22DE%22&forms=8-K&dateRange=custom&startdt=2026-02-11&enddt=2026-02-20,8-K," Utz Brands, Inc.  (UTZ)  (CIK 0001739566)  2.02 7.01 8.01 9.01",other
36672,FDX,Fedex Corp,Fedex,Fedex Corp,2026-02-12,AMERICAN HONDA RECEIVABLES LLC  (CIK 0000890975) Honda Auto Receivables 2026-1 Owner Trust  (CIK 0002100818),https://efts.sec.gov/LATEST/search-index?q=%22Fedex%22&forms=8-K&dateRange=custom&startdt=2026-02-11&enddt=2026-02-20,8-K, AMERICAN HONDA RECEIVABLES LLC  (CIK 0000890975) Honda Auto Receivables 2026-1 Owner Trust  (CIK 0002100818)  1.01 8.01 9.01,other
36672,FDX,Fedex Corp,Fedex,Fedex Corp,2026-02-12,Fathom Holdings Inc.  (FTHM)  (CIK 0001753162),https://efts.sec.gov/LATEST/search-index?q=%22Fedex%22&forms=8-K&dateRange=custom&startdt=2026-02-11&enddt=2026-02-20,8-K, Fathom Holdings Inc.  (FTHM)  (CIK 0001753162)  5.01 8.01 9.01,other
36672,FDX,Fedex Corp,Fedex,Fedex Corp,2026-02-12,"LXP Industrial Trust  (LXP, LXP-PC)  (CIK 0000910108)",https://efts.sec.gov/LATEST/search-index?q=%22Fedex%22&forms=8-K&dateRange=custom&startdt=2026-02-11&enddt=2026-02-20,8-K," LXP Industrial Trust  (LXP, LXP-PC)  (CIK 0000910108)  2.02 7.01 9.01",other
36672,FDX,Fedex Corp,Fedex,Fedex Corp,2026-02-12,"VerifyMe, Inc.  (VRME)  (CIK 0001104038)",https://efts.sec.gov/LATEST/search-index?q=%22Fedex%22&forms=8-K&dateRange=custom&startdt=2026-02-11&enddt=2026-02-20,8-K," VerifyMe, Inc.  (VRME)  (CIK 0001104038)  1.01 1.02 5.02 7.01 9.01",other
41966,RSG,"Republic Services, Inc.",RSG,"Republic Services, Inc.",2026-02-12,"REPUBLIC SERVICES, INC.  (RSG)  (CIK 0001060391)",https://efts.sec.gov/LATEST/search-index?q=%22RSG%22&forms=8-K&dateRange=custom&startdt=2026-02-11&enddt=2026-02-20,8-K," REPUBLIC SERVICES, INC.  (RSG)  (CIK 0001060391)  5.02 8.01 9.01",other
3752951,MOAT,VanEck Morningstar Wide Moat ETF,MOAT,VanEck Morningstar Wide Moat ETF,2026-02-12,"Morningstar, Inc.  (MORN)  (CIK 0001289419)",https://efts.sec.gov/LATEST/search-index?q=%22MOAT%22&forms=8-K&dateRange=custom&startdt=2026-02-11&enddt=2026-02-20,8-K," Morningstar, Inc.  (MORN)  (CIK 0001289419)  2.02 7.01 9.01",other
4428506,IRM,Iron Mountain Inc.,IRM,Iron Mountain Inc.,2026-02-12,IRON MOUNTAIN INC  (IRM)  (CIK 0001020569),https://efts.sec.gov/LATEST/search-index?q=%22IRM%22&forms=8-K&dateRange=custom&startdt=2026-02-11&enddt=2026-02-20,8-K, IRON MOUNTAIN INC  (IRM)  (CIK 0001020569)  2.02 9.01,other
8126151,PSA,Public Storage,PSA,Public Storage,2026-02-12,"Public Storage  (PSA, PSA-PF, PSA-PG, PSA-PH, PSA-PI, PSA-PJ, PSA-PK, PSA-PL, PSA-PM, PSA-PN, PSA-PO, PSA-PP, PSA-PQ)  (CIK 0001393311)",https://efts.sec.gov/LATEST/search-index?q=%22PSA%22&forms=8-K&dateRange=custom&startdt=2026-02-11&enddt=2026-02-20,8-K," Public Storage  (PSA, PSA-PF, PSA-PG, PSA-PH, PSA-PI, PSA-PJ, PSA-PK, PSA-PL, PSA-PM, PSA-PN, PSA-PO, PSA-PP, PSA-PQ)  (CIK 0001393311)  2.02 9.01",other
34926,C,Citigroup Inc,C,Citigroup Inc,2026-02-13,"GCI Liberty, Inc.  (GLIBA, GLIBB, GLIBK)  (CIK 0002057463)",https://efts.sec.gov/LATEST/search-index?q=%22C%22&forms=8-K&dateRange=custom&startdt=2026-02-11&enddt=2026-02-20,8-K," GCI Liberty, Inc.  (GLIBA, GLIBB, GLIBK)  (CIK 0002057463)  5.04 9.01",other
34926,C,Citigroup Inc,C,Citigroup Inc,2026-02-13,INTERNATIONAL TOWER HILL MINES LTD  (THM)  (CIK 0001134115),https://efts.sec.gov/LATEST/search-index?q=%22C%22&forms=8-K&dateRange=custom&startdt=2026-02-11&enddt=2026-02-20,8-K, INTERNATIONAL TOWER HILL MINES LTD  (THM)  (CIK 0001134115)  5.02 9.01,other
34926,C,Citigroup Inc,C,Citigroup Inc,2026-02-13,Jet.AI Inc.  (JTAI)  (CIK 0001861622),https://efts.sec.gov/LATEST/search-index?q=%22C%22&forms=8-K&dateRange=custom&startdt=2026-02-11&enddt=2026-02-20,8-K, Jet.AI Inc.  (JTAI)  (CIK 0001861622)  1.01 3.03 5.03 8.01 9.01,other
34926,C,Citigroup Inc,C,Citigroup Inc,2026-02-13,MVB FINANCIAL CORP  (MVBF)  (CIK 0001277902),https://efts.sec.gov/LATEST/search-index?q=%22C%22&forms=8-K&dateRange=custom&startdt=2026-02-11&enddt=2026-02-20,8-K, MVB FINANCIAL CORP  (MVBF)  (CIK 0001277902)  7.01 9.01,other
34926,C,Citigroup Inc,C,Citigroup Inc,2026-02-13,"Pebblebrook Hotel Trust  (PEB, PEB-PE, PEB-PF, PEB-PG, PEB-PH)  (CIK 0001474098)",https://efts.sec.gov/LATEST/search-index?q=%22C%22&forms=8-K&dateRange=custom&startdt=2026-02-11&enddt=2026-02-20,8-K," Pebblebrook Hotel Trust  (PEB, PEB-PE, PEB-PF, PEB-PG, PEB-PH)  (CIK 0001474098)  1.01 2.03 7.01 9.01",other
34926,C,Citigroup Inc,C,Citigroup Inc,2026-02-13,"Phoenix Energy One, LLC  (PHXE-P)  (CIK 0001818643)",https://efts.sec.gov/LATEST/search-index?q=%22C%22&forms=8-K&dateRange=custom&startdt=2026-02-11&enddt=2026-02-20,8-K," Phoenix Energy One, LLC  (PHXE-P)  (CIK 0001818643)  1.01 9.01",other
34926,C,Citigroup Inc,C,Citigroup Inc,2026-02-13,RED ROBIN GOURMET BURGERS INC  (RRGB)  (CIK 0001171759),https://efts.sec.gov/LATEST/search-index?q=%22C%22&forms=8-K&dateRange=custom&startdt=2026-02-11&enddt=2026-02-20,8-K, RED ROBIN GOURMET BURGERS INC  (RRGB)  (CIK 0001171759)  1.01 9.01,other
34926,C,Citigroup Inc,C,Citigroup Inc,2026-02-13,TransDigm Group INC  (TDG)  (CIK 0001260221),https://efts.sec.gov/LATEST/search-index?q=%22C%22&forms=8-K&dateRange=custom&startdt=2026-02-11&enddt=2026-02-20,8-K, TransDigm Group INC  (TDG)  (CIK 0001260221)  1.01 2.03 9.01,other
35701,DE,Deere & Co.,DE,Deere & Co.,2026-02-13,"Actinium Pharmaceuticals, Inc.  (ATNM)  (CIK 0001388320)",https://efts.sec.gov/LATEST/search-index?q=%22DE%22&forms=8-K&dateRange=custom&startdt=2026-02-11&enddt=2026-02-20,8-K," Actinium Pharmaceuticals, Inc.  (ATNM)  (CIK 0001388320)  5.02",other
35701,DE,Deere & Co.,DE,Deere & Co.,2026-02-13,BiomX Inc.  (PHGE)  (CIK 0001739174),https://efts.sec.gov/LATEST/search-index?q=%22DE%22&forms=8-K&dateRange=custom&startdt=2026-02-11&enddt=2026-02-20,8-K, BiomX Inc.  (PHGE)  (CIK 0001739174)  5.02,other
35701,DE,Deere & Co.,DE,Deere & Co.,2026-02-13,"Cambridge Acquisition Corp.  (CAQ, CAQUU)  (CIK 0002100125)",https://efts.sec.gov/LATEST/search-index?q=%22DE%22&forms=8-K&dateRange=custom&startdt=2026-02-11&enddt=2026-02-20,8-K," Cambridge Acquisition Corp.  (CAQ, CAQUU)  (CIK 0002100125)  8.01 9.01",merger
35701,DE,Deere & Co.,DE,Deere & Co.,2026-02-13,IDEXX LABORATORIES INC /DE  (IDXX)  (CIK 0000874716),https://efts.sec.gov/LATEST/search-index?q=%22DE%22&forms=8-K&dateRange=custom&startdt=2026-02-11&enddt=2026-02-20,8-K, IDEXX LABORATORIES INC /DE  (IDXX)  (CIK 0000874716)  5.02,other
35701,DE,Deere & Co.,DE,Deere & Co.,2026-02-13,NORTHROP GRUMMAN CORP /DE/  (NOC)  (CIK 0001133421),https://efts.sec.gov/LATEST/search-index?q=%22DE%22&forms=8-K&dateRange=custom&startdt=2026-02-11&enddt=2026-02-20,8-K, NORTHROP GRUMMAN CORP /DE/  (NOC)  (CIK 0001133421)  5.02 9.01,other
35701,DE,Deere & Co.,DE,Deere & Co.,2026-02-13,"NexMetals Mining Corp.  (NEXM, PRMLF)  (CIK 0000795800)",https://efts.sec.gov/LATEST/search-index?q=%22DE%22&forms=8-K&dateRange=custom&startdt=2026-02-11&enddt=2026-02-20,8-K," NexMetals Mining Corp.  (NEXM, PRMLF)  (CIK 0000795800)  5.02 8.01 9.01",other
35701,DE,Deere & Co.,DE,Deere & Co.,2026-02-13,SYNCHRONOSS TECHNOLOGIES INC  (SNCR)  (CIK 0001131554),https://efts.sec.gov/LATEST/search-index?q=%22DE%22&forms=8-K&dateRange=custom&startdt=2026-02-11&enddt=2026-02-20,8-K, SYNCHRONOSS TECHNOLOGIES INC  (SNCR)  (CIK 0001131554)  1.02 2.01 3.01 3.03 5.01 5.02 5.03 5.07 8.01 9.01,other
35701,DE,Deere & Co.,DE,Deere & Co.,2026-02-13,"Tri Pointe Homes, Inc.  (TPH)  (CIK 0001561680)",https://efts.sec.gov/LATEST/search-index?q=%22DE%22&forms=8-K&dateRange=custom&startdt=2026-02-11&enddt=2026-02-20,8-K," Tri Pointe Homes, Inc.  (TPH)  (CIK 0001561680)  1.01 5.02 5.03 7.01 9.01",other
36672,FDX,Fedex Corp,Fedex,Fedex Corp,2026-02-13,"AIR T INC  (AIRT, AIRTP)  (CIK 0000353184)",https://efts.sec.gov/LATEST/search-index?q=%22Fedex%22&forms=8-K&dateRange=custom&startdt=2026-02-11&enddt=2026-02-20,8-K," AIR T INC  (AIRT, AIRTP)  (CIK 0000353184)  7.01 8.01 9.01",other
36672,FDX,Fedex Corp,Fedex,Fedex Corp,2026-02-13,"Live Oak Bancshares, Inc.  (LOB, LOB-PA)  (CIK 0001462120)",https://efts.sec.gov/LATEST/search-index?q=%22Fedex%22&forms=8-K&dateRange=custom&startdt=2026-02-11&enddt=2026-02-20,8-K," Live Oak Bancshares, Inc.  (LOB, LOB-PA)  (CIK 0001462120)  5.02 9.01",other
3752951,MOAT,VanEck Morningstar Wide Moat ETF,MOAT,VanEck Morningstar Wide Moat ETF,2026-02-13,AZZ INC  (AZZ)  (CIK 0000008947),https://efts.sec.gov/LATEST/search-index?q=%22MOAT%22&forms=8-K&dateRange=custom&startdt=2026-02-11&enddt=2026-02-20,8-K, AZZ INC  (AZZ)  (CIK 0000008947)  7.01 9.01,other
4579561,GOOGL,Alphabet Inc,GOOGL,Alphabet Inc,2026-02-13,"Alphabet Inc.  (GOOG, GOOGL)  (CIK 0001652044)",https://efts.sec.gov/LATEST/search-index?q=%22GOOGL%22&forms=8-K&dateRange=custom&startdt=2026-02-11&enddt=2026-02-20,8-K," Alphabet Inc.  (GOOG, GOOGL)  (CIK 0001652044)  8.01 9.01",other
33771,ACLS,Axcelis Technologies Inc,ACLS,Axcelis Technologies Inc,2026-02-17,AXCELIS TECHNOLOGIES INC  (ACLS)  (CIK 0001113232),https://efts.sec.gov/LATEST/search-index?q=%22ACLS%22&forms=8-K&dateRange=custom&startdt=2026-02-11&enddt=2026-02-20,8-K, AXCELIS TECHNOLOGIES INC  (ACLS)  (CIK 0001113232)  2.02 9.01,other
34926,C,Citigroup Inc,C,Citigroup Inc,2026-02-17,AKAMAI TECHNOLOGIES INC  (AKAM)  (CIK 0001086222),https://efts.sec.gov/LATEST/search-index?q=%22C%22&forms=8-K&dateRange=custom&startdt=2026-02-11&enddt=2026-02-20,8-K, AKAMAI TECHNOLOGIES INC  (AKAM)  (CIK 0001086222)  5.02 9.01,other
34926,C,Citigroup Inc,C,Citigroup Inc,2026-02-17,"AUDDIA INC.  (AUUD, AUUDW)  (CIK 0001554818)",https://efts.sec.gov/LATEST/search-index?q=%22C%22&forms=8-K&dateRange=custom&startdt=2026-02-11&enddt=2026-02-20,8-K," AUDDIA INC.  (AUUD, AUUDW)  (CIK 0001554818)  1.01 7.01 9.01",other
34926,C,Citigroup Inc,C,Citigroup Inc,2026-02-17,Blue Bird Corp  (BLBD)  (CIK 0001589526),https://efts.sec.gov/LATEST/search-index?q=%22C%22&forms=8-K&dateRange=custom&startdt=2026-02-11&enddt=2026-02-20,8-K, Blue Bird Corp  (BLBD)  (CIK 0001589526)  1.01 7.01 9.01,other
34926,C,Citigroup Inc,C,Citigroup Inc,2026-02-17,Capstone Holding Corp.  (CAPS)  (CIK 0000887151),https://efts.sec.gov/LATEST/search-index?q=%22C%22&forms=8-K&dateRange=custom&startdt=2026-02-11&enddt=2026-02-20,8-K, Capstone Holding Corp.  (CAPS)  (CIK 0000887151)  9.01,other
34926,C,Citigroup Inc,C,Citigroup Inc,2026-02-17,"Churchill Capital Corp X/Cayman  (CCCX, CCCXU, CCCXW)  (CIK 0002007825)",https://efts.sec.gov/LATEST/search-index?q=%22C%22&forms=8-K&dateRange=custom&startdt=2026-02-11&enddt=2026-02-20,8-K," Churchill Capital Corp X/Cayman  (CCCX, CCCXU, CCCXW)  (CIK 0002007825)  1.01 2.01 3.02 3.03 5.01 5.02 5.03 5.05 5.06 8.01 9.01",other
34926,C,Citigroup Inc,C,Citigroup Inc,2026-02-17,Cineverse Corp.  (CNVS)  (CIK 0001173204),https://efts.sec.gov/LATEST/search-index?q=%22C%22&forms=8-K&dateRange=custom&startdt=2026-02-11&enddt=2026-02-20,8-K, Cineverse Corp.  (CNVS)  (CIK 0001173204)  1.01 2.01 2.03 3.02 7.01 9.01,other
34926,C,Citigroup Inc,C,Citigroup Inc,2026-02-17,"Kennedy-Wilson Holdings, Inc.  (KW)  (CIK 0001408100)",https://efts.sec.gov/LATEST/search-index?q=%22C%22&forms=8-K&dateRange=custom&startdt=2026-02-11&enddt=2026-02-20,8-K," Kennedy-Wilson Holdings, Inc.  (KW)  (CIK 0001408100)  1.01 8.01 9.01",other
34926,C,Citigroup Inc,C,Citigroup Inc,2026-02-17,"Medalist Diversified REIT, Inc.  (MDRR)  (CIK 0001654595)",https://efts.sec.gov/LATEST/search-index?q=%22C%22&forms=8-K&dateRange=custom&startdt=2026-02-11&enddt=2026-02-20,8-K," Medalist Diversified REIT, Inc.  (MDRR)  (CIK 0001654595)  1.01 2.01 2.03 3.03 5.03 7.01 9.01",other
34926,C,Citigroup Inc,C,Citigroup Inc,2026-02-17,Playtika Holding Corp.  (PLTK)  (CIK 0001828016),https://efts.sec.gov/LATEST/search-index?q=%22C%22&forms=8-K&dateRange=custom&startdt=2026-02-11&enddt=2026-02-20,8-K, Playtika Holding Corp.  (PLTK)  (CIK 0001828016)  1.01 2.03 9.01,other
34926,C,Citigroup Inc,C,Citigroup Inc,2026-02-17,"XTI Aerospace, Inc.  (XTIA)  (CIK 0001529113)",https://efts.sec.gov/LATEST/search-index?q=%22C%22&forms=8-K&dateRange=custom&startdt=2026-02-11&enddt=2026-02-20,8-K," XTI Aerospace, Inc.  (XTIA)  (CIK 0001529113)  1.01 2.03 3.03 7.01 9.01",other
35701,DE,Deere & Co.,DE,Deere & Co.,2026-02-17,AMERICAN SUPERCONDUCTOR CORP /DE/  (AMSC)  (CIK 0000880807),https://efts.sec.gov/LATEST/search-index?q=%22DE%22&forms=8-K&dateRange=custom&startdt=2026-02-11&enddt=2026-02-20,8-K, AMERICAN SUPERCONDUCTOR CORP /DE/  (AMSC)  (CIK 0000880807)  9.01,other
35701,DE,Deere & Co.,DE,Deere & Co.,2026-02-17,"Castellum, Inc.  (CTM)  (CIK 0001877939)",https://efts.sec.gov/LATEST/search-index?q=%22DE%22&forms=8-K&dateRange=custom&startdt=2026-02-11&enddt=2026-02-20,8-K," Castellum, Inc.  (CTM)  (CIK 0001877939)  8.01 9.01",other
35701,DE,Deere & Co.,DE,Deere & Co.,2026-02-17,DEVON ENERGY CORP/DE  (DVN)  (CIK 0001090012),https://efts.sec.gov/LATEST/search-index?q=%22DE%22&forms=8-K&dateRange=custom&startdt=2026-02-11&enddt=2026-02-20,8-K, DEVON ENERGY CORP/DE  (DVN)  (CIK 0001090012)  2.02 9.01,other
35701,DE,Deere & Co.,DE,Deere & Co.,2026-02-17,"Falcon's Beyond Global, Inc.  (FBYD, FBYDW)  (CIK 0001937987)",https://efts.sec.gov/LATEST/search-index?q=%22DE%22&forms=8-K&dateRange=custom&startdt=2026-02-11&enddt=2026-02-20,8-K," Falcon's Beyond Global, Inc.  (FBYD, FBYDW)  (CIK 0001937987)  5.02 7.01 9.01",other
35701,DE,Deere & Co.,DE,Deere & Co.,2026-02-17,"HECLA MINING CO/DE/  (HL, HL-PB)  (CIK 0000719413)",https://efts.sec.gov/LATEST/search-index?q=%22DE%22&forms=8-K&dateRange=custom&startdt=2026-02-11&enddt=2026-02-20,8-K," HECLA MINING CO/DE/  (HL, HL-PB)  (CIK 0000719413)  2.02 8.01 9.01",other
35701,DE,Deere & Co.,DE,Deere & Co.,2026-02-17,"Moleculin Biotech, Inc.  (MBRX)  (CIK 0001659617)",https://efts.sec.gov/LATEST/search-index?q=%22DE%22&forms=8-K&dateRange=custom&startdt=2026-02-11&enddt=2026-02-20,8-K," Moleculin Biotech, Inc.  (MBRX)  (CIK 0001659617)  7.01 9.01",other
35701,DE,Deere & Co.,DE,Deere & Co.,2026-02-17,"TG-17, Inc.  (OBAI)  (CIK 0001756064)",https://efts.sec.gov/LATEST/search-index?q=%22DE%22&forms=8-K&dateRange=custom&startdt=2026-02-11&enddt=2026-02-20,8-K," TG-17, Inc.  (OBAI)  (CIK 0001756064)  1.01 9.01",other
35701,DE,Deere & Co.,DE,Deere & Co.,2026-02-17,"TLGY ACQUISITION CORP  (TLGUF, TLGWF, TLGYF)  (CIK 0001879814)",https://efts.sec.gov/LATEST/search-index?q=%22DE%22&forms=8-K&dateRange=custom&startdt=2026-02-11&enddt=2026-02-20,8-K," TLGY ACQUISITION CORP  (TLGUF, TLGWF, TLGYF)  (CIK 0001879814)  8.01",merger
35701,DE,Deere & Co.,DE,Deere & Co.,2026-02-17,"VisionWave Holdings, Inc.  (VWAV, VWAVW)  (CIK 0002038439)",https://efts.sec.gov/LATEST/search-index?q=%22DE%22&forms=8-K&dateRange=custom&startdt=2026-02-11&enddt=2026-02-20,8-K," VisionWave Holdings, Inc.  (VWAV, VWAVW)  (CIK 0002038439)  1.01 9.01",other
35701,DE,Deere & Co.,DE,Deere & Co.,2026-02-17,"XFLH Capital Corp  (XFLH, XFLH-UN)  (CIK 0002088103)",https://efts.sec.gov/LATEST/search-index?q=%22DE%22&forms=8-K&dateRange=custom&startdt=2026-02-11&enddt=2026-02-20,8-K," XFLH Capital Corp  (XFLH, XFLH-UN)  (CIK 0002088103)  1.01 3.02 5.03 8.01 9.01",other
36672,FDX,Fedex Corp,Fedex,Fedex Corp,2026-02-17,Blue Bird Corp  (BLBD)  (CIK 0001589526),https://efts.sec.gov/LATEST/search-index?q=%22Fedex%22&forms=8-K&dateRange=custom&startdt=2026-02-11&enddt=2026-02-20,8-K, Blue Bird Corp  (BLBD)  (CIK 0001589526)  1.01 7.01 9.01,other
36672,FDX,Fedex Corp,Fedex,Fedex Corp,2026-02-17,"Churchill Capital Corp X/Cayman  (CCCX, CCCXU, CCCXW)  (CIK 0002007825)",https://efts.sec.gov/LATEST/search-index?q=%22Fedex%22&forms=8-K&dateRange=custom&startdt=2026-02-11&enddt=2026-02-20,8-K," Churchill Capital Corp X/Cayman  (CCCX, CCCXU, CCCXW)  (CIK 0002007825)  1.01 2.01 3.02 3.03 5.01 5.02 5.03 5.05 5.06 8.01 9.01",other
39269,LMT,Lockheed Martin Corp.,Lockheed Martin,Lockheed Martin Corp.,2026-02-17,JBG SMITH Properties  (JBGS)  (CIK 0001689796),https://efts.sec.gov/LATEST/search-index?q=%22Lockheed+Martin%22&forms=8-K&dateRange=custom&startdt=2026-02-11&enddt=2026-02-20,8-K, JBG SMITH Properties  (JBGS)  (CIK 0001689796)  2.02 9.01,other
41966,RSG,"Republic Services, Inc.",RSG,"Republic Services, Inc.",2026-02-17,"REPUBLIC SERVICES, INC.  (RSG)  (CIK 0001060391)",https://efts.sec.gov/LATEST/search-index?q=%22RSG%22&forms=8-K&dateRange=custom&startdt=2026-02-11&enddt=2026-02-20,8-K," REPUBLIC SERVICES, INC.  (RSG)  (CIK 0001060391)  5.03",other
64278,CRH,CRH Plc,CRH,CRH Plc,2026-02-17,"Cogent Biosciences, Inc.  (COGT)  (CIK 0001622229)",https://efts.sec.gov/LATEST/search-index?q=%22CRH%22&forms=8-K&dateRange=custom&startdt=2026-02-11&enddt=2026-02-20,8-K," Cogent Biosciences, Inc.  (COGT)  (CIK 0001622229)  2.02 9.01",other
3559296,FANG,Diamondback Energy Inc,FANG,Diamondback Energy Inc,2026-02-17,"Tianci International, Inc.  (CIIT)  (CIK 0001557798)",https://efts.sec.gov/LATEST/search-index?q=%22FANG%22&forms=8-K&dateRange=custom&startdt=2026-02-11&enddt=2026-02-20,8-K," Tianci International, Inc.  (CIIT)  (CIK 0001557798)  5.07",other
3752951,MOAT,VanEck Morningstar Wide Moat ETF,MOAT,VanEck Morningstar Wide Moat ETF,2026-02-17,Cineverse Corp.  (CNVS)  (CIK 0001173204),https://efts.sec.gov/LATEST/search-index?q=%22MOAT%22&forms=8-K&dateRange=custom&startdt=2026-02-11&enddt=2026-02-20,8-K, Cineverse Corp.  (CNVS)  (CIK 0001173204)  2.02 9.01,other
3752951,MOAT,VanEck Morningstar Wide Moat ETF,MOAT,VanEck Morningstar Wide Moat ETF,2026-02-17,"Goosehead Insurance, Inc.  (GSHD)  (CIK 0001726978)",https://efts.sec.gov/LATEST/search-index?q=%22MOAT%22&forms=8-K&dateRange=custom&startdt=2026-02-11&enddt=2026-02-20,8-K," Goosehead Insurance, Inc.  (GSHD)  (CIK 0001726978)  2.02 5.02 7.01 9.01",other
3752951,MOAT,VanEck Morningstar Wide Moat ETF,MOAT,VanEck Morningstar Wide Moat ETF,2026-02-17,Hillman Solutions Corp.  (HLMN)  (CIK 0001822492),https://efts.sec.gov/LATEST/search-index?q=%22MOAT%22&forms=8-K&dateRange=custom&startdt=2026-02-11&enddt=2026-02-20,8-K, Hillman Solutions Corp.  (HLMN)  (CIK 0001822492)  2.02 9.01,other
4428506,IRM,Iron Mountain Inc.,IRM,Iron Mountain Inc.,2026-02-17,"DTE ENERGY CO  (DTB, DTE, DTG, DTK, DTW)  (CIK 0000936340) DTE Electric Co  (CIK 0000028385)",https://efts.sec.gov/LATEST/search-index?q=%22IRM%22&forms=8-K&dateRange=custom&startdt=2026-02-11&enddt=2026-02-20,8-K," DTE ENERGY CO  (DTB, DTE, DTG, DTK, DTW)  (CIK 0000936340) DTE Electric Co  (CIK 0000028385)  2.02 7.01 9.01",other
7268636,CEG,Constellation Energy Corporation,Constellation Energy,Constellation Energy Corporation,2026-02-17,"Armada Hoffler Properties, Inc.  (AHH, AHH-PA)  (CIK 0001569187)",https://efts.sec.gov/LATEST/search-index?q=%22Constellation+Energy%22&forms=8-K&dateRange=custom&startdt=2026-02-11&enddt=2026-02-20,8-K," Armada Hoffler Properties, Inc.  (AHH, AHH-PA)  (CIK 0001569187)  2.02 7.01 9.01",other
8126151,PSA,Public Storage,PSA,Public Storage,2026-02-17,"BrightSpire Capital, Inc.  (BRSP)  (CIK 0001717547)",https://efts.sec.gov/LATEST/search-index?q=%22PSA%22&forms=8-K&dateRange=custom&startdt=2026-02-11&enddt=2026-02-20,8-K," BrightSpire Capital, Inc.  (BRSP)  (CIK 0001717547)  2.02 9.01",other
33382,ADI,Analog Devices Inc.,ADI,Analog Devices Inc.,2026-02-18,ANALOG DEVICES INC  (ADI)  (CIK 0000006281),https://efts.sec.gov/LATEST/search-index?q=%22ADI%22&forms=8-K&dateRange=custom&startdt=2026-02-11&enddt=2026-02-20,8-K, ANALOG DEVICES INC  (ADI)  (CIK 0000006281)  2.02 8.01 9.01,other
34926,C,Citigroup Inc,C,Citigroup Inc,2026-02-18,AMERICAN HONDA RECEIVABLES LLC  (CIK 0000890975) Honda Auto Receivables 2026-1 Owner Trust  (CIK 0002100818),https://efts.sec.gov/LATEST/search-index?q=%22C%22&forms=8-K&dateRange=custom&startdt=2026-02-11&enddt=2026-02-20,8-K, AMERICAN HONDA RECEIVABLES LLC  (CIK 0000890975) Honda Auto Receivables 2026-1 Owner Trust  (CIK 0002100818)  1.01 9.01,other
34926,C,Citigroup Inc,C,Citigroup Inc,2026-02-18,"Array Technologies, Inc.  (ARRY)  (CIK 0001820721)",https://efts.sec.gov/LATEST/search-index?q=%22C%22&forms=8-K&dateRange=custom&startdt=2026-02-11&enddt=2026-02-20,8-K," Array Technologies, Inc.  (ARRY)  (CIK 0001820721)  1.01 2.03 7.01 9.01",other
34926,C,Citigroup Inc,C,Citigroup Inc,2026-02-18,"Broadstone Net Lease, Inc.  (BNL)  (CIK 0001424182)",https://efts.sec.gov/LATEST/search-index?q=%22C%22&forms=8-K&dateRange=custom&startdt=2026-02-11&enddt=2026-02-20,8-K," Broadstone Net Lease, Inc.  (BNL)  (CIK 0001424182)  2.02 9.01",other
34926,C,Citigroup Inc,C,Citigroup Inc,2026-02-18,GMF Leasing LLC  (CIK 0001631055) GM Financial Automobile Leasing Trust 2026-1  (CIK 0002100562),https://efts.sec.gov/LATEST/search-index?q=%22C%22&forms=8-K&dateRange=custom&startdt=2026-02-11&enddt=2026-02-20,8-K, GMF Leasing LLC  (CIK 0001631055) GM Financial Automobile Leasing Trust 2026-1  (CIK 0002100562)  1.01 8.01 9.01,other
34926,C,Citigroup Inc,C,Citigroup Inc,2026-02-18,GRAN TIERRA ENERGY INC.  (GTE)  (CIK 0001273441),https://efts.sec.gov/LATEST/search-index?q=%22C%22&forms=8-K&dateRange=custom&startdt=2026-02-11&enddt=2026-02-20,8-K, GRAN TIERRA ENERGY INC.  (GTE)  (CIK 0001273441)  1.01 1.02 2.03 9.01,other
34926,C,Citigroup Inc,C,Citigroup Inc,2026-02-18,HYUNDAI ABS FUNDING LLC  (CIK 0001260125) Hyundai Auto Receivables Trust 2026-A  (CIK 0002104134),https://efts.sec.gov/LATEST/search-index?q=%22C%22&forms=8-K&dateRange=custom&startdt=2026-02-11&enddt=2026-02-20,8-K, HYUNDAI ABS FUNDING LLC  (CIK 0001260125) Hyundai Auto Receivables Trust 2026-A  (CIK 0002104134)  1.01 9.01,other
34926,C,Citigroup Inc,C,Citigroup Inc,2026-02-18,LION COPPER & GOLD CORP.  (LCGMF)  (CIK 0001339688),https://efts.sec.gov/LATEST/search-index?q=%22C%22&forms=8-K&dateRange=custom&startdt=2026-02-11&enddt=2026-02-20,8-K, LION COPPER & GOLD CORP.  (LCGMF)  (CIK 0001339688)  8.01 9.01,other
34926,C,Citigroup Inc,C,Citigroup Inc,2026-02-18,"LanzaTech Global, Inc.  (LNZA, LNZAW)  (CIK 0001843724)",https://efts.sec.gov/LATEST/search-index?q=%22C%22&forms=8-K&dateRange=custom&startdt=2026-02-11&enddt=2026-02-20,8-K," LanzaTech Global, Inc.  (LNZA, LNZAW)  (CIK 0001843724)  1.01",other
34926,C,Citigroup Inc,C,Citigroup Inc,2026-02-18,"Liberty Latin America Ltd.  (LILA, LILAB, LILAK)  (CIK 0001712184)",https://efts.sec.gov/LATEST/search-index?q=%22C%22&forms=8-K&dateRange=custom&startdt=2026-02-11&enddt=2026-02-20,8-K," Liberty Latin America Ltd.  (LILA, LILAB, LILAK)  (CIK 0001712184)  2.02 7.01 9.01",other
34926,C,Citigroup Inc,C,Citigroup Inc,2026-02-18,MACERICH CO  (MAC)  (CIK 0000912242),https://efts.sec.gov/LATEST/search-index?q=%22C%22&forms=8-K&dateRange=custom&startdt=2026-02-11&enddt=2026-02-20,8-K, MACERICH CO  (MAC)  (CIK 0000912242)  2.02 7.01 9.01,other
34926,C,Citigroup Inc,C,Citigroup Inc,2026-02-18,"NewAmsterdam Pharma Co N.V.  (NAMS, NAMSW)  (CIK 0001936258)",https://efts.sec.gov/LATEST/search-index?q=%22C%22&forms=8-K&dateRange=custom&startdt=2026-02-11&enddt=2026-02-20,8-K," NewAmsterdam Pharma Co N.V.  (NAMS, NAMSW)  (CIK 0001936258)  2.02 9.01",other
34926,C,Citigroup Inc,C,Citigroup Inc,2026-02-18,ProPetro Holding Corp.  (PUMP)  (CIK 0001680247),https://efts.sec.gov/LATEST/search-index?q=%22C%22&forms=8-K&dateRange=custom&startdt=2026-02-11&enddt=2026-02-20,8-K, ProPetro Holding Corp.  (PUMP)  (CIK 0001680247)  2.02 9.01,other
34926,C,Citigroup Inc,C,Citigroup Inc,2026-02-18,"Sensei Biotherapeutics, Inc.  (SNSE)  (CIK 0001829802)",https://efts.sec.gov/LATEST/search-index?q=%22C%22&forms=8-K&dateRange=custom&startdt=2026-02-11&enddt=2026-02-20,8-K," Sensei Biotherapeutics, Inc.  (SNSE)  (CIK 0001829802)  1.01 2.01 3.02 5.02 5.03 7.01 9.01",other
35701,DE,Deere & Co.,DE,Deere & Co.,2026-02-18,"Chain Bridge I  (CBGGF, CBRGF, CBRRF)  (CIK 0001845149)",https://efts.sec.gov/LATEST/search-index?q=%22DE%22&forms=8-K&dateRange=custom&startdt=2026-02-11&enddt=2026-02-20,8-K," Chain Bridge I  (CBGGF, CBRGF, CBRRF)  (CIK 0001845149)  3.01",other
35701,DE,Deere & Co.,DE,Deere & Co.,2026-02-18,FORMFACTOR INC  (FORM)  (CIK 0001039399),https://efts.sec.gov/LATEST/search-index?q=%22DE%22&forms=8-K&dateRange=custom&startdt=2026-02-11&enddt=2026-02-20,8-K, FORMFACTOR INC  (FORM)  (CIK 0001039399)  5.02 7.01 9.01,other
35701,DE,Deere & Co.,DE,Deere & Co.,2026-02-18,"GLADSTONE INVESTMENT CORPORATION\DE  (GAIN, GAINI, GAINN, GAINZ)  (CIK 0001321741)",https://efts.sec.gov/LATEST/search-index?q=%22DE%22&forms=8-K&dateRange=custom&startdt=2026-02-11&enddt=2026-02-20,8-K," GLADSTONE INVESTMENT CORPORATION\DE  (GAIN, GAINI, GAINN, GAINZ)  (CIK 0001321741)  1.01 2.03 9.01",other
35701,DE,Deere & Co.,DE,Deere & Co.,2026-02-18,GRAN TIERRA ENERGY INC.  (GTE)  (CIK 0001273441),https://efts.sec.gov/LATEST/search-index?q=%22DE%22&forms=8-K&dateRange=custom&startdt=2026-02-11&enddt=2026-02-20,8-K, GRAN TIERRA ENERGY INC.  (GTE)  (CIK 0001273441)  1.01 1.02 2.03 9.01,other
35701,DE,Deere & Co.,DE,Deere & Co.,2026-02-18,ITT INC.  (ITT)  (CIK 0000216228),https://efts.sec.gov/LATEST/search-index?q=%22DE%22&forms=8-K&dateRange=custom&startdt=2026-02-11&enddt=2026-02-20,8-K, ITT INC.  (ITT)  (CIK 0000216228)  1.01 2.03 9.01,other
35701,DE,Deere & Co.,DE,Deere & Co.,2026-02-18,"Jackson Financial Inc.  (JXN, JXN-PA)  (CIK 0001822993)",https://efts.sec.gov/LATEST/search-index?q=%22DE%22&forms=8-K&dateRange=custom&startdt=2026-02-11&enddt=2026-02-20,8-K," Jackson Financial Inc.  (JXN, JXN-PA)  (CIK 0001822993)  7.01 9.01",other
35701,DE,Deere & Co.,DE,Deere & Co.,2026-02-18,Jaguar Uranium Corp.  (JAGU)  (CIK 0002039273),https://efts.sec.gov/LATEST/search-index?q=%22DE%22&forms=8-K&dateRange=custom&startdt=2026-02-11&enddt=2026-02-20,8-K, Jaguar Uranium Corp.  (JAGU)  (CIK 0002039273)  3.02 5.02 8.01 9.01,other
35701,DE,Deere & Co.,DE,Deere & Co.,2026-02-18,"Liberty Global Ltd.  (LBTYA, LBTYB, LBTYK)  (CIK 0001570585)",https://efts.sec.gov/LATEST/search-index?q=%22DE%22&forms=8-K&dateRange=custom&startdt=2026-02-11&enddt=2026-02-20,8-K," Liberty Global Ltd.  (LBTYA, LBTYB, LBTYK)  (CIK 0001570585)  8.01 9.01",other
35701,DE,Deere & Co.,DE,Deere & Co.,2026-02-18,"Pearl Diver Credit Co Inc.  (PDCC, PDPA)  (CIK 0001998043)",https://efts.sec.gov/LATEST/search-index?q=%22DE%22&forms=8-K&dateRange=custom&startdt=2026-02-11&enddt=2026-02-20,8-K," Pearl Diver Credit Co Inc.  (PDCC, PDPA)  (CIK 0001998043)  8.01",other
35701,DE,Deere & Co.,DE,Deere & Co.,2026-02-18,"Reservoir Media, Inc.  (RSVR, RSVRW)  (CIK 0001824403)",https://efts.sec.gov/LATEST/search-index?q=%22DE%22&forms=8-K&dateRange=custom&startdt=2026-02-11&enddt=2026-02-20,8-K," Reservoir Media, Inc.  (RSVR, RSVRW)  (CIK 0001824403)  7.01 9.01",other
35701,DE,Deere & Co.,DE,Deere & Co.,2026-02-18,"Sensei Biotherapeutics, Inc.  (SNSE)  (CIK 0001829802)",https://efts.sec.gov/LATEST/search-index?q=%22DE%22&forms=8-K&dateRange=custom&startdt=2026-02-11&enddt=2026-02-20,8-K," Sensei Biotherapeutics, Inc.  (SNSE)  (CIK 0001829802)  1.01 2.01 3.02 5.02 5.03 7.01 9.01",other
35701,DE,Deere & Co.,DE,Deere & Co.,2026-02-18,TOYOTA MOTOR CREDIT CORP  (CIK 0000834071),https://efts.sec.gov/LATEST/search-index?q=%22DE%22&forms=8-K&dateRange=custom&startdt=2026-02-11&enddt=2026-02-20,8-K, TOYOTA MOTOR CREDIT CORP  (CIK 0000834071)  7.01 9.01,other
35701,DE,Deere & Co.,DE,Deere & Co.,2026-02-18,"i-80 Gold Corp.  (IAUX, IAUX-WT)  (CIK 0001853962)",https://efts.sec.gov/LATEST/search-index?q=%22DE%22&forms=8-K&dateRange=custom&startdt=2026-02-11&enddt=2026-02-20,8-K," i-80 Gold Corp.  (IAUX, IAUX-WT)  (CIK 0001853962)  1.01 7.01 8.01 9.01",other
36672,FDX,Fedex Corp,Fedex,Fedex Corp,2026-02-18,ARKO Corp.  (ARKO)  (CIK 0001823794),https://efts.sec.gov/LATEST/search-index?q=%22Fedex%22&forms=8-K&dateRange=custom&startdt=2026-02-11&enddt=2026-02-20,8-K, ARKO Corp.  (ARKO)  (CIK 0001823794)  1.01 2.03 8.01 9.01,other
36672,FDX,Fedex Corp,Fedex,Fedex Corp,2026-02-18,Industrial Logistics Properties Trust  (ILPT)  (CIK 0001717307),https://efts.sec.gov/LATEST/search-index?q=%22Fedex%22&forms=8-K&dateRange=custom&startdt=2026-02-11&enddt=2026-02-20,8-K, Industrial Logistics Properties Trust  (ILPT)  (CIK 0001717307)  2.02 9.01,other
64278,CRH,CRH Plc,CRH,CRH Plc,2026-02-18,CRH PUBLIC LTD CO  (CRH)  (CIK 0000849395),https://efts.sec.gov/LATEST/search-index?q=%22CRH%22&forms=8-K&dateRange=custom&startdt=2026-02-11&enddt=2026-02-20,8-K, CRH PUBLIC LTD CO  (CRH)  (CIK 0000849395)  2.02 8.01 9.01,other
64278,CRH,CRH Plc,CRH,CRH Plc,2026-02-18,"Moleculin Biotech, Inc.  (MBRX)  (CIK 0001659617)",https://efts.sec.gov/LATEST/search-index?q=%22CRH%22&forms=8-K&dateRange=custom&startdt=2026-02-11&enddt=2026-02-20,8-K," Moleculin Biotech, Inc.  (MBRX)  (CIK 0001659617)  7.01 9.01",other
3559296,FANG,Diamondback Energy Inc,FANG,Diamondback Energy Inc,2026-02-18,Lakeside Holding Ltd  (LSH)  (CIK 0001996192),https://efts.sec.gov/LATEST/search-index?q=%22FANG%22&forms=8-K&dateRange=custom&startdt=2026-02-11&enddt=2026-02-20,8-K, Lakeside Holding Ltd  (LSH)  (CIK 0001996192)  5.07,other
3752951,MOAT,VanEck Morningstar Wide Moat ETF,MOAT,VanEck Morningstar Wide Moat ETF,2026-02-18,LCI INDUSTRIES  (LCII)  (CIK 0000763744),https://efts.sec.gov/LATEST/search-index?q=%22MOAT%22&forms=8-K&dateRange=custom&startdt=2026-02-11&enddt=2026-02-20,8-K, LCI INDUSTRIES  (LCII)  (CIK 0000763744)  2.02 7.01 9.01,other
3752951,MOAT,VanEck Morningstar Wide Moat ETF,MOAT,VanEck Morningstar Wide Moat ETF,2026-02-18,Neptune Insurance Holdings Inc.  (NP)  (CIK 0002067129),https://efts.sec.gov/LATEST/search-index?q=%22MOAT%22&forms=8-K&dateRange=custom&startdt=2026-02-11&enddt=2026-02-20,8-K, Neptune Insurance Holdings Inc.  (NP)  (CIK 0002067129)  2.02 9.01,other
4605516,MSGS,Madison Square Garden Sports Corp,MSGS,Madison Square Garden Sports Corp,2026-02-18,Madison Square Garden Sports Corp.  (MSGS)  (CIK 0001636519),https://efts.sec.gov/LATEST/search-index?q=%22MSGS%22&forms=8-K&dateRange=custom&startdt=2026-02-11&enddt=2026-02-20,8-K, Madison Square Garden Sports Corp.  (MSGS)  (CIK 0001636519)  5.02 8.01,other
7036662,JXN,Jackson Financial Inc,JXN,Jackson Financial Inc,2026-02-18,"Jackson Financial Inc.  (JXN, JXN-PA)  (CIK 0001822993)",https://efts.sec.gov/LATEST/search-index?q=%22JXN%22&forms=8-K&dateRange=custom&startdt=2026-02-11&enddt=2026-02-20,8-K," Jackson Financial Inc.  (JXN, JXN-PA)  (CIK 0001822993)  2.02",other
8126151,PSA,Public Storage,PSA,Public Storage,2026-02-18,EBAY INC  (EBAY)  (CIK 0001065088),https://efts.sec.gov/LATEST/search-index?q=%22PSA%22&forms=8-K&dateRange=custom&startdt=2026-02-11&enddt=2026-02-20,8-K, EBAY INC  (EBAY)  (CIK 0001065088)  2.02 9.01,other
8126151,PSA,Public Storage,PSA,Public Storage,2026-02-18,SM Energy Co  (SM)  (CIK 0000893538),https://efts.sec.gov/LATEST/search-index?q=%22PSA%22&forms=8-K&dateRange=custom&startdt=2026-02-11&enddt=2026-02-20,8-K, SM Energy Co  (SM)  (CIK 0000893538)  1.01 7.01 9.01,other
34926,C,Citigroup Inc,C,Citigroup Inc,2026-02-19,AMERICOLD REALTY TRUST  (COLD)  (CIK 0001455863),https://efts.sec.gov/LATEST/search-index?q=%22C%22&forms=8-K&dateRange=custom&startdt=2026-02-11&enddt=2026-02-20,8-K, AMERICOLD REALTY TRUST  (COLD)  (CIK 0001455863)  2.02 7.01 9.01,other
34926,C,Citigroup Inc,C,Citigroup Inc,2026-02-19,"ARDELYX, INC.  (ARDX)  (CIK 0001437402)",https://efts.sec.gov/LATEST/search-index?q=%22C%22&forms=8-K&dateRange=custom&startdt=2026-02-11&enddt=2026-02-20,8-K," ARDELYX, INC.  (ARDX)  (CIK 0001437402)  2.02 7.01 9.01",other
34926,C,Citigroup Inc,C,Citigroup Inc,2026-02-19,CONSOLIDATED EDISON INC  (ED)  (CIK 0001047862) CONSOLIDATED EDISON CO OF NEW YORK INC  (CIK 0000023632),https://efts.sec.gov/LATEST/search-index?q=%22C%22&forms=8-K&dateRange=custom&startdt=2026-02-11&enddt=2026-02-20,8-K, CONSOLIDATED EDISON INC  (ED)  (CIK 0001047862) CONSOLIDATED EDISON CO OF NEW YORK INC  (CIK 0000023632)  2.02 9.01,other
34926,C,Citigroup Inc,C,Citigroup Inc,2026-02-19,Cardinal Infrastructure Group Inc.  (CDNL)  (CIK 0002079999),https://efts.sec.gov/LATEST/search-index?q=%22C%22&forms=8-K&dateRange=custom&startdt=2026-02-11&enddt=2026-02-20,8-K, Cardinal Infrastructure Group Inc.  (CDNL)  (CIK 0002079999)  1.01 2.01 2.02 2.03 3.02 5.02 7.01 9.01,other
34926,C,Citigroup Inc,C,Citigroup Inc,2026-02-19,"CenterPoint Energy Restoration Bond Co III, LLC  (CIK 0002096069) CENTERPOINT ENERGY HOUSTON ELECTRIC LLC  (CIK 0000048732)",https://efts.sec.gov/LATEST/search-index?q=%22C%22&forms=8-K&dateRange=custom&startdt=2026-02-11&enddt=2026-02-20,8-K," CenterPoint Energy Restoration Bond Co III, LLC  (CIK 0002096069) CENTERPOINT ENERGY HOUSTON ELECTRIC LLC  (CIK 0000048732)  1.01 2.03 8.01 9.01",other
34926,C,Citigroup Inc,C,Citigroup Inc,2026-02-19,"Hims & Hers Health, Inc.  (HIMS)  (CIK 0001773751)",https://efts.sec.gov/LATEST/search-index?q=%22C%22&forms=8-K&dateRange=custom&startdt=2026-02-11&enddt=2026-02-20,8-K," Hims & Hers Health, Inc.  (HIMS)  (CIK 0001773751)  1.01 3.02 7.01 9.01",other
34926,C,Citigroup Inc,C,Citigroup Inc,2026-02-19,Howard Hughes Holdings Inc.  (HHH)  (CIK 0001981792),https://efts.sec.gov/LATEST/search-index?q=%22C%22&forms=8-K&dateRange=custom&startdt=2026-02-11&enddt=2026-02-20,8-K, Howard Hughes Holdings Inc.  (HHH)  (CIK 0001981792)  2.02 7.01 9.01,other
34926,C,Citigroup Inc,C,Citigroup Inc,2026-02-19,MATTHEWS INTERNATIONAL CORP  (MATW)  (CIK 0000063296),https://efts.sec.gov/LATEST/search-index?q=%22C%22&forms=8-K&dateRange=custom&startdt=2026-02-11&enddt=2026-02-20,8-K, MATTHEWS INTERNATIONAL CORP  (MATW)  (CIK 0000063296)  5.02 5.03 5.07 7.01 9.01,other
34926,C,Citigroup Inc,C,Citigroup Inc,2026-02-19,PINNACLE WEST CAPITAL CORP  (PNW)  (CIK 0000764622) ARIZONA PUBLIC SERVICE CO  (CIK 0000007286),https://efts.sec.gov/LATEST/search-index?q=%22C%22&forms=8-K&dateRange=custom&startdt=2026-02-11&enddt=2026-02-20,8-K, PINNACLE WEST CAPITAL CORP  (PNW)  (CIK 0000764622) ARIZONA PUBLIC SERVICE CO  (CIK 0000007286)  1.01 2.03 5.02 9.01,other
34926,C,Citigroup Inc,C,Citigroup Inc,2026-02-19,WORLD OMNI AUTO RECEIVABLES LLC  (CIK 0001083199) World Omni Auto Receivables Trust 2026-A  (CIK 0002104367),https://efts.sec.gov/LATEST/search-index?q=%22C%22&forms=8-K&dateRange=custom&startdt=2026-02-11&enddt=2026-02-20,8-K, WORLD OMNI AUTO RECEIVABLES LLC  (CIK 0001083199) World Omni Auto Receivables Trust 2026-A  (CIK 0002104367)  8.01 9.01,other
34926,C,Citigroup Inc,C,Citigroup Inc,2026-02-19,Wells Fargo Commercial Mortgage Trust 2026-5C8  (CIK 0002107796),https://efts.sec.gov/LATEST/search-index?q=%22C%22&forms=8-K&dateRange=custom&startdt=2026-02-11&enddt=2026-02-20,8-K, Wells Fargo Commercial Mortgage Trust 2026-5C8  (CIK 0002107796)  8.01 9.01,other
35701,DE,Deere & Co.,DE,Deere & Co.,2026-02-19,"BIO-RAD LABORATORIES, INC.  (BIO, BIO-B)  (CIK 0000012208)",https://efts.sec.gov/LATEST/search-index?q=%22DE%22&forms=8-K&dateRange=custom&startdt=2026-02-11&enddt=2026-02-20,8-K," BIO-RAD LABORATORIES, INC.  (BIO, BIO-B)  (CIK 0000012208)  7.01",other
35701,DE,Deere & Co.,DE,Deere & Co.,2026-02-19,CHOICE HOTELS INTERNATIONAL INC /DE  (CHH)  (CIK 0001046311),https://efts.sec.gov/LATEST/search-index?q=%22DE%22&forms=8-K&dateRange=custom&startdt=2026-02-11&enddt=2026-02-20,8-K, CHOICE HOTELS INTERNATIONAL INC /DE  (CHH)  (CIK 0001046311)  2.02 9.01,other
35701,DE,Deere & Co.,DE,Deere & Co.,2026-02-19,Cardinal Infrastructure Group Inc.  (CDNL)  (CIK 0002079999),https://efts.sec.gov/LATEST/search-index?q=%22DE%22&forms=8-K&dateRange=custom&startdt=2026-02-11&enddt=2026-02-20,8-K, Cardinal Infrastructure Group Inc.  (CDNL)  (CIK 0002079999)  1.01 2.01 2.02 2.03 3.02 5.02 7.01 9.01,other
35701,DE,Deere & Co.,DE,Deere & Co.,2026-02-19,DEERE & CO  (DE)  (CIK 0000315189),https://efts.sec.gov/LATEST/search-index?q=%22DE%22&forms=8-K&dateRange=custom&startdt=2026-02-11&enddt=2026-02-20,8-K, DEERE & CO  (DE)  (CIK 0000315189)  2.02 7.01 9.01,other
35701,DE,Deere & Co.,DE,Deere & Co.,2026-02-19,ICU MEDICAL INC/DE  (ICUI)  (CIK 0000883984),https://efts.sec.gov/LATEST/search-index?q=%22DE%22&forms=8-K&dateRange=custom&startdt=2026-02-11&enddt=2026-02-20,8-K, ICU MEDICAL INC/DE  (ICUI)  (CIK 0000883984)  2.02 9.01,other
35701,DE,Deere & Co.,DE,Deere & Co.,2026-02-19,"LAUREATE EDUCATION, INC.  (LAUR)  (CIK 0000912766)",https://efts.sec.gov/LATEST/search-index?q=%22DE%22&forms=8-K&dateRange=custom&startdt=2026-02-11&enddt=2026-02-20,8-K," LAUREATE EDUCATION, INC.  (LAUR)  (CIK 0000912766)  2.02 7.01 9.01",other
35701,DE,Deere & Co.,DE,Deere & Co.,2026-02-19,"Merchants Bancorp  (MBIN, MBINL, MBINM, MBINN)  (CIK 0001629019)",https://efts.sec.gov/LATEST/search-index?q=%22DE%22&forms=8-K&dateRange=custom&startdt=2026-02-11&enddt=2026-02-20,8-K," Merchants Bancorp  (MBIN, MBINL, MBINM, MBINN)  (CIK 0001629019)  8.01 9.01",other
35701,DE,Deere & Co.,DE,Deere & Co.,2026-02-19,"Nakamoto Inc.  (NAKA, NAKAW)  (CIK 0001946573)",https://efts.sec.gov/LATEST/search-index?q=%22DE%22&forms=8-K&dateRange=custom&startdt=2026-02-11&enddt=2026-02-20,8-K," Nakamoto Inc.  (NAKA, NAKAW)  (CIK 0001946573)  7.01",other
35701,DE,Deere & Co.,DE,Deere & Co.,2026-02-19,"OCCIDENTAL PETROLEUM CORP /DE/  (OXY, OXY-WT)  (CIK 0000797468)",https://efts.sec.gov/LATEST/search-index?q=%22DE%22&forms=8-K&dateRange=custom&startdt=2026-02-11&enddt=2026-02-20,8-K," OCCIDENTAL PETROLEUM CORP /DE/  (OXY, OXY-WT)  (CIK 0000797468)  7.01 9.01",other
35701,DE,Deere & Co.,DE,Deere & Co.,2026-02-19,PAMT CORP  (PAMT)  (CIK 0000798287),https://efts.sec.gov/LATEST/search-index?q=%22DE%22&forms=8-K&dateRange=custom&startdt=2026-02-11&enddt=2026-02-20,8-K, PAMT CORP  (PAMT)  (CIK 0000798287)  2.02 9.01,other
35701,DE,Deere & Co.,DE,Deere & Co.,2026-02-19,"Quarta-Rad, Inc.  (QURT)  (CIK 0001549631)",https://efts.sec.gov/LATEST/search-index?q=%22DE%22&forms=8-K&dateRange=custom&startdt=2026-02-11&enddt=2026-02-20,8-K," Quarta-Rad, Inc.  (QURT)  (CIK 0001549631)  5.02",other
35701,DE,Deere & Co.,DE,Deere & Co.,2026-02-19,SYNOPSYS INC  (SNPS)  (CIK 0000883241),https://efts.sec.gov/LATEST/search-index?q=%22DE%22&forms=8-K&dateRange=custom&startdt=2026-02-11&enddt=2026-02-20,8-K, SYNOPSYS INC  (SNPS)  (CIK 0000883241)  5.02 7.01,other
35701,DE,Deere & Co.,DE,Deere & Co.,2026-02-19,"Spartacus Acquisition Corp. II  (TMTS, TMTSU)  (CIK 0002097364)",https://efts.sec.gov/LATEST/search-index?q=%22DE%22&forms=8-K&dateRange=custom&startdt=2026-02-11&enddt=2026-02-20,8-K," Spartacus Acquisition Corp. II  (TMTS, TMTSU)  (CIK 0002097364)  8.01 9.01",merger
35701,DE,Deere & Co.,DE,Deere & Co.,2026-02-19,"T-Mobile US, Inc.  (TMUS, TMUSI, TMUSL, TMUSZ)  (CIK 0001283699)",https://efts.sec.gov/LATEST/search-index?q=%22DE%22&forms=8-K&dateRange=custom&startdt=2026-02-11&enddt=2026-02-20,8-K," T-Mobile US, Inc.  (TMUS, TMUSI, TMUSL, TMUSZ)  (CIK 0001283699)  8.01 9.01",other
35701,DE,Deere & Co.,DE,Deere & Co.,2026-02-19,"Viper Energy, Inc.  (VNOM)  (CIK 0002074176)",https://efts.sec.gov/LATEST/search-index?q=%22DE%22&forms=8-K&dateRange=custom&startdt=2026-02-11&enddt=2026-02-20,8-K," Viper Energy, Inc.  (VNOM)  (CIK 0002074176)  5.02",other
35701,DE,Deere & Co.,DE,Deere & Co.,2026-02-19,Walmart Inc.  (WMT)  (CIK 0000104169),https://efts.sec.gov/LATEST/search-index?q=%22DE%22&forms=8-K&dateRange=custom&startdt=2026-02-11&enddt=2026-02-20,8-K, Walmart Inc.  (WMT)  (CIK 0000104169)  2.02 9.01,other
35701,DE,Deere & Co.,DE,Deere & Co.,2026-02-19,"urban-gro, Inc.  (UGRO)  (CIK 0001706524)",https://efts.sec.gov/LATEST/search-index?q=%22DE%22&forms=8-K&dateRange=custom&startdt=2026-02-11&enddt=2026-02-20,8-K," urban-gro, Inc.  (UGRO)  (CIK 0001706524)  5.02",other
36672,FDX,Fedex Corp,Fedex,Fedex Corp,2026-02-19,"ConnectM Technology Solutions, Inc.  (CNTM)  (CIK 0001895249)",https://efts.sec.gov/LATEST/search-index?q=%22Fedex%22&forms=8-K&dateRange=custom&startdt=2026-02-11&enddt=2026-02-20,8-K," ConnectM Technology Solutions, Inc.  (CNTM)  (CIK 0001895249)  7.01 9.01",other
3752951,MOAT,VanEck Morningstar Wide Moat ETF,MOAT,VanEck Morningstar Wide Moat ETF,2026-02-19,"Guardant Health, Inc.  (GH)  (CIK 0001576280)",https://efts.sec.gov/LATEST/search-index?q=%22MOAT%22&forms=8-K&dateRange=custom&startdt=2026-02-11&enddt=2026-02-20,8-K," Guardant Health, Inc.  (GH)  (CIK 0001576280)  2.02 9.01",other
3752951,MOAT,VanEck Morningstar Wide Moat ETF,MOAT,VanEck Morningstar Wide Moat ETF,2026-02-19,"ReposiTrak, Inc.  (TRAK)  (CIK 0000050471)",https://efts.sec.gov/LATEST/search-index?q=%22MOAT%22&forms=8-K&dateRange=custom&startdt=2026-02-11&enddt=2026-02-20,8-K," ReposiTrak, Inc.  (TRAK)  (CIK 0000050471)  2.02 7.01 9.01",other
8126151,PSA,Public Storage,PSA,Public Storage,2026-02-19,BANK5 2026-5YR20  (CIK 0002104049),https://efts.sec.gov/LATEST/search-index?q=%22PSA%22&forms=8-K&dateRange=custom&startdt=2026-02-11&enddt=2026-02-20,8-K, BANK5 2026-5YR20  (CIK 0002104049)  8.01 9.01,other
8126151,PSA,Public Storage,PSA,Public Storage,2026-02-19,"GRAIL, Inc.  (GRAL)  (CIK 0001699031)",https://efts.sec.gov/LATEST/search-index?q=%22PSA%22&forms=8-K&dateRange=custom&startdt=2026-02-11&enddt=2026-02-20,8-K," GRAIL, Inc.  (GRAL)  (CIK 0001699031)  2.02 8.01 9.01",other
8126151,PSA,Public Storage,PSA,Public Storage,2026-02-19,"Spyre Therapeutics, Inc.  (SYRE)  (CIK 0001636282)",https://efts.sec.gov/LATEST/search-index?q=%22PSA%22&forms=8-K&dateRange=custom&startdt=2026-02-11&enddt=2026-02-20,8-K," Spyre Therapeutics, Inc.  (SYRE)  (CIK 0001636282)  2.02 9.01",other
8126151,PSA,Public Storage,PSA,Public Storage,2026-02-19,Wells Fargo Commercial Mortgage Trust 2026-5C8  (CIK 0002107796),https://efts.sec.gov/LATEST/search-index?q=%22PSA%22&forms=8-K&dateRange=custom&startdt=2026-02-11&enddt=2026-02-20,8-K, Wells Fargo Commercial Mortgage Trust 2026-5C8  (CIK 0002107796)  8.01 9.01,other
34926,C,Citigroup Inc,C,Citigroup Inc,2026-02-20,"ASHFORD HOSPITALITY TRUST INC  (AHT, AHT-PD, AHT-PF, AHT-PG, AHT-PH, AHT-PI)  (CIK 0001232582)",https://efts.sec.gov/LATEST/search-index?q=%22C%22&forms=8-K&dateRange=custom&startdt=2026-02-11&enddt=2026-02-20,8-K," ASHFORD HOSPITALITY TRUST INC  (AHT, AHT-PD, AHT-PF, AHT-PG, AHT-PH, AHT-PI)  (CIK 0001232582)  2.01",other
34926,C,Citigroup Inc,C,Citigroup Inc,2026-02-20,"Aveanna Healthcare Holdings, Inc.  (AVAH)  (CIK 0001832332)",https://efts.sec.gov/LATEST/search-index?q=%22C%22&forms=8-K&dateRange=custom&startdt=2026-02-11&enddt=2026-02-20,8-K," Aveanna Healthcare Holdings, Inc.  (AVAH)  (CIK 0001832332)  5.02 9.01",other
34926,C,Citigroup Inc,C,Citigroup Inc,2026-02-20,"Bluerock Homes Trust, Inc.  (BHM)  (CIK 0001903382)",https://efts.sec.gov/LATEST/search-index?q=%22C%22&forms=8-K&dateRange=custom&startdt=2026-02-11&enddt=2026-02-20,8-K," Bluerock Homes Trust, Inc.  (BHM)  (CIK 0001903382)  3.02",other
34926,C,Citigroup Inc,C,Citigroup Inc,2026-02-20,CARMAX AUTO FUNDING LLC  (CIK 0001259380) CarMax Select Receivables Trust 2026-A  (CIK 0002104651),https://efts.sec.gov/LATEST/search-index?q=%22C%22&forms=8-K&dateRange=custom&startdt=2026-02-11&enddt=2026-02-20,8-K, CARMAX AUTO FUNDING LLC  (CIK 0001259380) CarMax Select Receivables Trust 2026-A  (CIK 0002104651)  1.01 8.01 9.01,other
34926,C,Citigroup Inc,C,Citigroup Inc,2026-02-20,COUSINS PROPERTIES INC  (CUZ)  (CIK 0000025232),https://efts.sec.gov/LATEST/search-index?q=%22C%22&forms=8-K&dateRange=custom&startdt=2026-02-11&enddt=2026-02-20,8-K, COUSINS PROPERTIES INC  (CUZ)  (CIK 0000025232)  1.01 2.03 8.01 9.01,other
34926,C,Citigroup Inc,C,Citigroup Inc,2026-02-20,"HASBRO, INC.  (HAS)  (CIK 0000046080)",https://efts.sec.gov/LATEST/search-index?q=%22C%22&forms=8-K&dateRange=custom&startdt=2026-02-11&enddt=2026-02-20,8-K," HASBRO, INC.  (HAS)  (CIK 0000046080)  1.01 2.03 9.01",other
34926,C,Citigroup Inc,C,Citigroup Inc,2026-02-20,"MSP Recovery, Inc.  (MSPR, MSPRW, MSPRZ)  (CIK 0001802450)",https://efts.sec.gov/LATEST/search-index?q=%22C%22&forms=8-K&dateRange=custom&startdt=2026-02-11&enddt=2026-02-20,8-K," MSP Recovery, Inc.  (MSPR, MSPRW, MSPRZ)  (CIK 0001802450)  1.01 2.03 5.02 9.01",other
34926,C,Citigroup Inc,C,Citigroup Inc,2026-02-20,NISSAN AUTO LEASING LLC II  (CIK 0001244832) Nissan Auto Lease Trust 2026-A  (CIK 0002105816),https://efts.sec.gov/LATEST/search-index?q=%22C%22&forms=8-K&dateRange=custom&startdt=2026-02-11&enddt=2026-02-20,8-K, NISSAN AUTO LEASING LLC II  (CIK 0001244832) Nissan Auto Lease Trust 2026-A  (CIK 0002105816)  1.01 9.01,other
34926,C,Citigroup Inc,C,Citigroup Inc,2026-02-20,SANTANDER DRIVE AUTO RECEIVABLES LLC  (CIK 0001383094) Santander Drive Auto Receivables Trust 2026-1  (CIK 0002105961),https://efts.sec.gov/LATEST/search-index?q=%22C%22&forms=8-K&dateRange=custom&startdt=2026-02-11&enddt=2026-02-20,8-K, SANTANDER DRIVE AUTO RECEIVABLES LLC  (CIK 0001383094) Santander Drive Auto Receivables Trust 2026-1  (CIK 0002105961)  1.01 8.01 9.01,other
34926,C,Citigroup Inc,C,Citigroup Inc,2026-02-20,Zurn Elkay Water Solutions Corp  (ZWS)  (CIK 0001439288),https://efts.sec.gov/LATEST/search-index?q=%22C%22&forms=8-K&dateRange=custom&startdt=2026-02-11&enddt=2026-02-20,8-K, Zurn Elkay Water Solutions Corp  (ZWS)  (CIK 0001439288)  1.01 2.03 9.01,other
35701,DE,Deere & Co.,DE,Deere & Co.,2026-02-20,CHOICE HOTELS INTERNATIONAL INC /DE  (CHH)  (CIK 0001046311),https://efts.sec.gov/LATEST/search-index?q=%22DE%22&forms=8-K&dateRange=custom&startdt=2026-02-11&enddt=2026-02-20,8-K, CHOICE HOTELS INTERNATIONAL INC /DE  (CHH)  (CIK 0001046311)  5.02,other
35701,DE,Deere & Co.,DE,Deere & Co.,2026-02-20,ENTERGY CORP /DE/  (ETR)  (CIK 0000065984),https://efts.sec.gov/LATEST/search-index?q=%22DE%22&forms=8-K&dateRange=custom&startdt=2026-02-11&enddt=2026-02-20,8-K, ENTERGY CORP /DE/  (ETR)  (CIK 0000065984)  8.01 9.01,other
35701,DE,Deere & Co.,DE,Deere & Co.,2026-02-20,ICU MEDICAL INC/DE  (ICUI)  (CIK 0000883984),https://efts.sec.gov/LATEST/search-index?q=%22DE%22&forms=8-K&dateRange=custom&startdt=2026-02-11&enddt=2026-02-20,8-K, ICU MEDICAL INC/DE  (ICUI)  (CIK 0000883984)  5.02 9.01,other
35701,DE,Deere & Co.,DE,Deere & Co.,2026-02-20,"Proem Acquisition Corp. I  (PAAC, PAACU)  (CIK 0002087446)",https://efts.sec.gov/LATEST/search-index?q=%22DE%22&forms=8-K&dateRange=custom&startdt=2026-02-11&enddt=2026-02-20,8-K," Proem Acquisition Corp. I  (PAAC, PAACU)  (CIK 0002087446)  1.01 9.01",merger
35701,DE,Deere & Co.,DE,Deere & Co.,2026-02-20,"Quarta-Rad, Inc.  (QURT)  (CIK 0001549631)",https://efts.sec.gov/LATEST/search-index?q=%22DE%22&forms=8-K&dateRange=custom&startdt=2026-02-11&enddt=2026-02-20,8-K," Quarta-Rad, Inc.  (QURT)  (CIK 0001549631)  7.01",other
35701,DE,Deere & Co.,DE,Deere & Co.,2026-02-20,"XFLH Capital Corp  (XFLH, XFLH-UN)  (CIK 0002088103)",https://efts.sec.gov/LATEST/search-index?q=%22DE%22&forms=8-K&dateRange=custom&startdt=2026-02-11&enddt=2026-02-20,8-K," XFLH Capital Corp  (XFLH, XFLH-UN)  (CIK 0002088103)  8.01 9.01",other
36574,XOM,Exxon Mobil Corp.,XOM,Exxon Mobil Corp.,2026-02-20,EXXON MOBIL CORP  (XOM)  (CIK 0000034088),https://efts.sec.gov/LATEST/search-index?q=%22XOM%22&forms=8-K&dateRange=custom&startdt=2026-02-11&enddt=2026-02-20,8-K, EXXON MOBIL CORP  (XOM)  (CIK 0000034088)  5.02,other
36672,FDX,Fedex Corp,Fedex,Fedex Corp,2026-02-20,"VIP Play, Inc.  (VIPZ)  (CIK 0001832161)",https://efts.sec.gov/LATEST/search-index?q=%22Fedex%22&forms=8-K&dateRange=custom&startdt=2026-02-11&enddt=2026-02-20,8-K," VIP Play, Inc.  (VIPZ)  (CIK 0001832161)  2.03 5.02 9.01",other
43205,TGT,Target Corp,TGT,Target Corp,2026-02-20,Benchmark 2026-V20 Mortgage Trust  (CIK 0002106400),https://efts.sec.gov/LATEST/search-index?q=%22TGT%22&forms=8-K&dateRange=custom&startdt=2026-02-11&enddt=2026-02-20,8-K, Benchmark 2026-V20 Mortgage Trust  (CIK 0002106400)  9.01,other
3752951,MOAT,VanEck Morningstar Wide Moat ETF,MOAT,VanEck Morningstar Wide Moat ETF,2026-02-20,LCI INDUSTRIES  (LCII)  (CIK 0000763744),https://efts.sec.gov/LATEST/search-index?q=%22MOAT%22&forms=8-K&dateRange=custom&startdt=2026-02-11&enddt=2026-02-20,8-K, LCI INDUSTRIES  (LCII)  (CIK 0000763744)  7.01 9.01,other
3752951,MOAT,VanEck Morningstar Wide Moat ETF,MOAT,VanEck Morningstar Wide Moat ETF,2026-02-20,"Rimini Street, Inc.  (RMNI)  (CIK 0001635282)",https://efts.sec.gov/LATEST/search-index?q=%22MOAT%22&forms=8-K&dateRange=custom&startdt=2026-02-11&enddt=2026-02-20,8-K," Rimini Street, Inc.  (RMNI)  (CIK 0001635282)  7.01 9.01",other
8126151,PSA,Public Storage,PSA,Public Storage,2026-02-20,Benchmark 2026-V20 Mortgage Trust  (CIK 0002106400),https://efts.sec.gov/LATEST/search-index?q=%22PSA%22&forms=8-K&dateRange=custom&startdt=2026-02-11&enddt=2026-02-20,8-K, Benchmark 2026-V20 Mortgage Trust  (CIK 0002106400)  9.01,other
